12:19, nedjelja, prosinac 01, 2024
Study name:Thermal 1
Units: Celsius
Selected reference : N/A
Node  ,X (mm)  ,Y (mm)  ,Z (mm)  ,TEMP (Celsius)
672  ,11.2589  ,19.8572  ,35.0373  ,2.62358e+01
7489  ,11.2589  ,19.8572  ,33.932  ,2.62358e+01
671  ,11.2589  ,19.8572  ,32.8268  ,2.62358e+01
7488  ,12.3089  ,19.8572  ,32.8268  ,2.62332e+01
7475  ,10.2089  ,19.8572  ,35.0373  ,2.62332e+01
7485  ,10.2089  ,19.8572  ,32.8268  ,2.62332e+01
7476  ,10.2089  ,19.8572  ,33.932  ,2.62332e+01
7478  ,12.3089  ,19.8572  ,35.0373  ,2.62332e+01
7487  ,12.3089  ,19.8572  ,33.932  ,2.62332e+01
7342  ,13.3589  ,19.8572  ,33.932  ,2.62306e+01
689  ,13.3589  ,19.8572  ,32.8268  ,2.62306e+01
690  ,13.3589  ,19.8572  ,35.0373  ,2.62306e+01
851  ,9.1589  ,19.8572  ,32.8268  ,2.62306e+01
6277  ,9.1589  ,19.8572  ,33.932  ,2.62306e+01
7498  ,11.2589  ,19.8572  ,31.7215  ,2.62306e+01
852  ,9.1589  ,19.8572  ,35.0373  ,2.62306e+01
7479  ,11.2589  ,19.8572  ,36.1426  ,2.62306e+01
7496  ,12.3089  ,19.8572  ,31.7215  ,2.62280e+01
7486  ,10.2089  ,19.8572  ,31.7215  ,2.62280e+01
7477  ,12.3089  ,19.8572  ,36.1426  ,2.62280e+01
7468  ,10.2089  ,19.8572  ,36.1426  ,2.62280e+01
7349  ,13.3589  ,19.8572  ,31.7215  ,2.62254e+01
7335  ,13.3589  ,19.8572  ,36.1426  ,2.62254e+01
6283  ,9.1589  ,19.8572  ,31.7215  ,2.62254e+01
6272  ,9.1589  ,19.8572  ,36.1426  ,2.62254e+01
673  ,11.2589  ,19.8572  ,37.2478  ,2.62253e+01
670  ,11.2589  ,19.8572  ,30.6163  ,2.62253e+01
7341  ,14.4089  ,19.8572  ,32.8268  ,2.62230e+01
7340  ,14.4089  ,19.8572  ,33.932  ,2.62230e+01
7334  ,14.4089  ,19.8572  ,35.0373  ,2.62230e+01
6275  ,8.1089  ,19.8572  ,32.8268  ,2.62229e+01
6271  ,8.1089  ,19.8572  ,33.932  ,2.62229e+01
6270  ,8.1089  ,19.8572  ,35.0373  ,2.62229e+01
7497  ,12.3089  ,19.8572  ,30.6163  ,2.62228e+01
7494  ,10.2089  ,19.8572  ,30.6163  ,2.62227e+01
7470  ,12.3089  ,19.8572  ,37.2478  ,2.62227e+01
7467  ,10.2089  ,19.8572  ,37.2478  ,2.62227e+01
691  ,13.3589  ,19.8572  ,37.2478  ,2.62202e+01
688  ,13.3589  ,19.8572  ,30.6162  ,2.62202e+01
850  ,9.1589  ,19.8572  ,30.6163  ,2.62201e+01
853  ,9.1589  ,19.8572  ,37.2478  ,2.62201e+01
7333  ,14.4089  ,19.8572  ,36.1426  ,2.62177e+01
7347  ,14.4089  ,19.8572  ,31.7215  ,2.62177e+01
6276  ,8.1089  ,19.8572  ,31.7215  ,2.62176e+01
6265  ,8.1089  ,19.8572  ,36.1426  ,2.62176e+01
707  ,15.4589  ,19.8572  ,32.8268  ,2.62152e+01
708  ,15.4589  ,19.8572  ,35.0373  ,2.62152e+01
7220  ,15.4589  ,19.8572  ,33.932  ,2.62152e+01
870  ,7.0589  ,19.8572  ,35.0373  ,2.62151e+01
869  ,7.0589  ,19.8572  ,32.8268  ,2.62151e+01
6157  ,7.0589  ,19.8572  ,33.932  ,2.62151e+01
7507  ,11.2589  ,19.8572  ,29.511  ,2.62149e+01
7471  ,11.2589  ,19.8572  ,38.3531  ,2.62149e+01
7348  ,14.4089  ,19.8572  ,30.6162  ,2.62125e+01
7327  ,14.4089  ,19.8572  ,37.2478  ,2.62125e+01
6281  ,8.1089  ,19.8572  ,30.6163  ,2.62124e+01
6264  ,8.1089  ,19.8572  ,37.2478  ,2.62124e+01
7505  ,12.3089  ,19.8572  ,29.511  ,2.62124e+01
7469  ,12.3089  ,19.8572  ,38.3531  ,2.62123e+01
7495  ,10.2089  ,19.8572  ,29.511  ,2.62123e+01
7459  ,10.2089  ,19.8572  ,38.3531  ,2.62123e+01
7213  ,15.4589  ,19.8572  ,36.1426  ,2.62100e+01
7227  ,15.4589  ,19.8572  ,31.7215  ,2.62100e+01
6165  ,7.0589  ,19.8572  ,31.7215  ,2.62099e+01
6149  ,7.0589  ,19.8572  ,36.1426  ,2.62099e+01
7356  ,13.3589  ,19.8572  ,29.511  ,2.62098e+01
7328  ,13.3589  ,19.8572  ,38.3531  ,2.62098e+01
6288  ,9.1589  ,19.8572  ,29.511  ,2.62097e+01
6266  ,9.1589  ,19.8572  ,38.3531  ,2.62097e+01
706  ,15.4589  ,19.8572  ,30.6162  ,2.62048e+01
709  ,15.4589  ,19.8572  ,37.2478  ,2.62047e+01
868  ,7.0589  ,19.8572  ,30.6163  ,2.62047e+01
871  ,7.0589  ,19.8572  ,37.2478  ,2.62046e+01
669  ,11.2589  ,19.8572  ,28.4057  ,2.62045e+01
674  ,11.2589  ,19.8572  ,39.4584  ,2.62045e+01
7218  ,16.5089  ,19.8572  ,33.932  ,2.62024e+01
7219  ,16.5089  ,19.8572  ,32.8268  ,2.62024e+01
7212  ,16.5089  ,19.8572  ,35.0373  ,2.62024e+01
6148  ,6.0089  ,19.8572  ,33.932  ,2.62023e+01
6155  ,6.0089  ,19.8572  ,32.8268  ,2.62023e+01
6147  ,6.0089  ,19.8572  ,35.0373  ,2.62023e+01
7354  ,14.4089  ,19.8572  ,29.511  ,2.62021e+01
7326  ,14.4089  ,19.8572  ,38.3531  ,2.62020e+01
7506  ,12.3089  ,19.8572  ,28.4057  ,2.62020e+01
6282  ,8.1089  ,19.8572  ,29.511  ,2.62020e+01
6258  ,8.1089  ,19.8572  ,38.3531  ,2.62020e+01
7461  ,12.3089  ,19.8572  ,39.4584  ,2.62019e+01
7503  ,10.2089  ,19.8572  ,28.4057  ,2.62019e+01
7458  ,10.2089  ,19.8572  ,39.4584  ,2.62019e+01
687  ,13.3589  ,19.8572  ,28.4057  ,2.61994e+01
692  ,13.3589  ,19.8572  ,39.4584  ,2.61993e+01
849  ,9.1589  ,19.8572  ,28.4057  ,2.61993e+01
854  ,9.1589  ,19.8572  ,39.4584  ,2.61993e+01
7225  ,16.5089  ,19.8572  ,31.7215  ,2.61972e+01
7211  ,16.5089  ,19.8572  ,36.1426  ,2.61971e+01
6156  ,6.0089  ,19.8572  ,31.7215  ,2.61970e+01
6141  ,6.0089  ,19.8572  ,36.1426  ,2.61970e+01
7234  ,15.4589  ,19.8572  ,29.511  ,2.61943e+01
7206  ,15.4589  ,19.8572  ,38.3531  ,2.61943e+01
6173  ,7.0589  ,19.8572  ,29.511  ,2.61942e+01
6142  ,7.0589  ,19.8572  ,38.3531  ,2.61942e+01
7226  ,16.5089  ,19.8572  ,30.6162  ,2.61919e+01
7205  ,16.5089  ,19.8572  ,37.2478  ,2.61919e+01
6163  ,6.0089  ,19.8572  ,30.6163  ,2.61918e+01
7473  ,10.4646  ,20.6478  ,34.6214  ,2.61918e+01
7482  ,10.4646  ,20.6478  ,33.5161  ,2.61918e+01
6140  ,6.0089  ,19.8572  ,37.2478  ,2.61918e+01
7355  ,14.4089  ,19.8572  ,28.4057  ,2.61916e+01
7320  ,14.4089  ,19.8572  ,39.4584  ,2.61916e+01
6286  ,8.1089  ,19.8572  ,28.4057  ,2.61916e+01
6257  ,8.1089  ,19.8572  ,39.4584  ,2.61915e+01
725  ,17.5589  ,19.8572  ,32.8268  ,2.61896e+01
726  ,17.5589  ,19.8572  ,35.0373  ,2.61896e+01
7094  ,17.5589  ,19.8572  ,33.932  ,2.61896e+01
888  ,4.9589  ,19.8572  ,35.0373  ,2.61895e+01
887  ,4.9589  ,19.8572  ,32.8268  ,2.61895e+01
6027  ,4.9589  ,19.8572  ,33.932  ,2.61895e+01
7474  ,11.4339  ,20.6652  ,35.682  ,2.61893e+01
6274  ,9.41456  ,20.6478  ,33.5161  ,2.61892e+01
6267  ,9.41456  ,20.6478  ,34.6214  ,2.61891e+01
7516  ,11.2589  ,19.8572  ,27.3005  ,2.61891e+01
7462  ,11.2589  ,19.8572  ,40.5636  ,2.61890e+01
7330  ,12.4839  ,20.6652  ,35.682  ,2.61867e+01
6269  ,10.3839  ,20.6652  ,35.682  ,2.61867e+01
7514  ,12.3089  ,19.8572  ,27.3005  ,2.61865e+01
7450  ,10.2089  ,19.8572  ,40.5636  ,2.61864e+01
7504  ,10.2089  ,19.8572  ,27.3005  ,2.61864e+01
7460  ,12.3089  ,19.8572  ,40.5636  ,2.61864e+01
7101  ,17.5589  ,19.8572  ,31.7215  ,2.61844e+01
7086  ,17.5589  ,19.8572  ,36.1426  ,2.61843e+01
6035  ,4.9589  ,19.8572  ,31.7215  ,2.61842e+01
6019  ,4.9589  ,19.8572  ,36.1426  ,2.61842e+01
7465  ,11.4339  ,20.6652  ,36.7873  ,2.61840e+01
7364  ,13.3589  ,19.8572  ,27.3005  ,2.61839e+01
710  ,15.4589  ,19.8572  ,39.4584  ,2.61839e+01
7321  ,13.3589  ,19.8572  ,40.5636  ,2.61839e+01
705  ,15.4589  ,19.8572  ,28.4057  ,2.61839e+01
6295  ,9.1589  ,19.8572  ,27.3005  ,2.61838e+01
6259  ,9.1589  ,19.8572  ,40.5636  ,2.61838e+01
867  ,7.0589  ,19.8572  ,28.4057  ,2.61838e+01
872  ,7.0589  ,19.8572  ,39.4584  ,2.61837e+01
7483  ,10.9708  ,20.7495  ,31.9  ,2.61833e+01
7480  ,11.6089  ,20.8572  ,33.5636  ,2.61824e+01
7472  ,11.6089  ,20.8572  ,34.6689  ,2.61824e+01
6268  ,9.07329  ,20.7053  ,35.6544  ,2.61818e+01
7232  ,16.5089  ,19.8572  ,29.511  ,2.61815e+01
7323  ,12.4839  ,20.6652  ,36.7873  ,2.61815e+01
6143  ,8.36456  ,20.6478  ,34.6214  ,2.61814e+01
7204  ,16.5089  ,19.8572  ,38.3531  ,2.61814e+01
6151  ,8.36456  ,20.6478  ,33.5161  ,2.61814e+01
6133  ,6.0089  ,19.8572  ,38.3531  ,2.61813e+01
6164  ,6.0089  ,19.8572  ,29.511  ,2.61813e+01
7329  ,12.6589  ,20.8572  ,34.6689  ,2.61799e+01
7336  ,12.6589  ,20.8572  ,33.5636  ,2.61799e+01
7464  ,10.1233  ,20.7053  ,36.7596  ,2.61791e+01
724  ,17.5589  ,19.8572  ,30.6162  ,2.61791e+01
727  ,17.5589  ,19.8572  ,37.2478  ,2.61791e+01
886  ,4.9589  ,19.8572  ,30.6163  ,2.61789e+01
889  ,4.9589  ,19.8572  ,37.2478  ,2.61789e+01
7492  ,10.9708  ,20.7495  ,30.7947  ,2.61780e+01
7481  ,10.185  ,20.8671  ,32.4406  ,2.61777e+01
7484  ,11.6267  ,20.9188  ,32.4288  ,2.61775e+01
6261  ,9.07329  ,20.7053  ,36.7596  ,2.61765e+01
7362  ,14.4089  ,19.8572  ,27.3005  ,2.61761e+01
7319  ,14.4089  ,19.8572  ,40.5636  ,2.61761e+01
6287  ,8.1089  ,19.8572  ,27.3005  ,2.61760e+01
6251  ,8.1089  ,19.8572  ,40.5636  ,2.61760e+01
6263  ,8.49164  ,20.4739  ,37.9566  ,2.61755e+01
6280  ,9.92078  ,20.7495  ,30.7947  ,2.61754e+01
6273  ,9.13496  ,20.8671  ,32.4406  ,2.61751e+01
7338  ,12.6767  ,20.9188  ,32.4288  ,2.61750e+01
6146  ,8.02329  ,20.7053  ,35.6544  ,2.61740e+01
7331  ,13.9953  ,20.8518  ,34.665  ,2.61738e+01
7339  ,13.9953  ,20.8518  ,33.5597  ,2.61738e+01
668  ,11.2589  ,19.8572  ,26.1952  ,2.61736e+01
675  ,11.2589  ,19.8572  ,41.6689  ,2.61736e+01
7490  ,10.1066  ,20.6609  ,30.0129  ,2.61733e+01
7493  ,11.6267  ,20.9188  ,31.3236  ,2.61723e+01
7092  ,18.6089  ,19.8572  ,33.932  ,2.61718e+01
7093  ,18.6089  ,19.8572  ,32.8268  ,2.61718e+01
7085  ,18.6089  ,19.8572  ,35.0373  ,2.61718e+01
6025  ,3.9089  ,19.8572  ,32.8268  ,2.61717e+01
6017  ,3.9089  ,19.8572  ,35.0373  ,2.61717e+01
6018  ,3.9089  ,19.8572  ,33.932  ,2.61717e+01
7515  ,12.3089  ,19.8572  ,26.1952  ,2.61710e+01
7512  ,10.2089  ,19.8572  ,26.1952  ,2.61710e+01
7452  ,12.3089  ,19.8572  ,41.6689  ,2.61710e+01
7233  ,16.5089  ,19.8572  ,28.4057  ,2.61710e+01
7449  ,10.2089  ,19.8572  ,41.6689  ,2.61710e+01
7198  ,16.5089  ,19.8572  ,39.4584  ,2.61710e+01
6171  ,6.0089  ,19.8572  ,28.4057  ,2.61709e+01
6132  ,6.0089  ,19.8572  ,39.4584  ,2.61708e+01
6279  ,9.05663  ,20.6609  ,30.0129  ,2.61707e+01
7463  ,11.7624  ,20.6566  ,38.3593  ,2.61706e+01
7337  ,14.0937  ,20.8789  ,32.4713  ,2.61699e+01
6278  ,9.13496  ,20.8671  ,31.3354  ,2.61699e+01
7346  ,12.6767  ,20.9188  ,31.3236  ,2.61697e+01
7466  ,10.638  ,20.8018  ,37.7469  ,2.61694e+01
7491  ,11.6366  ,20.8431  ,30.2097  ,2.61688e+01
6137  ,8.02329  ,20.7053  ,36.7596  ,2.61688e+01
7110  ,17.5589  ,19.8572  ,29.511  ,2.61686e+01
7080  ,17.5589  ,19.8572  ,38.3531  ,2.61686e+01
6042  ,4.9589  ,19.8572  ,29.511  ,2.61685e+01
6011  ,4.9589  ,19.8572  ,38.3531  ,2.61684e+01
686  ,13.3589  ,19.8572  ,26.1952  ,2.61684e+01
693  ,13.3589  ,19.8572  ,41.6689  ,2.61684e+01
7242  ,15.4589  ,19.8572  ,27.3005  ,2.61684e+01
848  ,9.1589  ,19.8572  ,26.1952  ,2.61684e+01
855  ,9.1589  ,19.8572  ,41.6689  ,2.61683e+01
7199  ,15.4589  ,19.8572  ,40.5636  ,2.61683e+01
6179  ,7.0589  ,19.8572  ,27.3005  ,2.61682e+01
6134  ,7.0589  ,19.8572  ,40.5636  ,2.61682e+01
7332  ,14.0834  ,20.8791  ,35.7935  ,2.61681e+01
7322  ,12.8125  ,20.6566  ,38.3593  ,2.61680e+01
6139  ,7.44164  ,20.4739  ,37.9566  ,2.61677e+01
6150  ,8.08496  ,20.8671  ,32.4406  ,2.61674e+01
6262  ,9.588  ,20.8018  ,37.7469  ,2.61668e+01
7099  ,18.6089  ,19.8572  ,31.7215  ,2.61665e+01
7084  ,18.6089  ,19.8572  ,36.1426  ,2.61665e+01
6010  ,3.9089  ,19.8572  ,36.1426  ,2.61664e+01
6026  ,3.9089  ,19.8572  ,31.7215  ,2.61663e+01
7345  ,12.6866  ,20.8431  ,30.2097  ,2.61662e+01
7208  ,15.0453  ,20.8518  ,34.665  ,2.61661e+01
7216  ,15.0453  ,20.8518  ,33.5597  ,2.61661e+01
6256  ,8.49164  ,20.4739  ,39.0618  ,2.61651e+01
7344  ,14.0937  ,20.8789  ,31.3661  ,2.61647e+01
7215  ,15.9088  ,20.6775  ,32.4689  ,2.61645e+01
6260  ,8.5803  ,20.7801  ,37.5698  ,2.61641e+01
6159  ,8.00663  ,20.6609  ,30.0129  ,2.61630e+01
7500  ,10.1066  ,20.6609  ,28.9076  ,2.61629e+01
7325  ,14.0834  ,20.8791  ,36.8988  ,2.61629e+01
7214  ,15.1437  ,20.8789  ,32.4713  ,2.61622e+01
6158  ,8.08496  ,20.8671  ,31.3354  ,2.61621e+01
7100  ,18.6089  ,19.8572  ,30.6162  ,2.61612e+01
7079  ,18.6089  ,19.8572  ,37.2478  ,2.61612e+01
6033  ,3.9089  ,19.8572  ,30.6163  ,2.61611e+01
6009  ,3.9089  ,19.8572  ,37.2478  ,2.61611e+01
7363  ,14.4089  ,19.8572  ,26.1952  ,2.61606e+01
7314  ,14.4089  ,19.8572  ,41.6689  ,2.61606e+01
6293  ,8.1089  ,19.8572  ,26.1952  ,2.61605e+01
6250  ,8.1089  ,19.8572  ,41.6689  ,2.61605e+01
7210  ,15.1334  ,20.8791  ,35.7935  ,2.61604e+01
6284  ,9.05663  ,20.6609  ,28.9076  ,2.61603e+01
7454  ,11.7624  ,20.6566  ,39.4645  ,2.61602e+01
6153  ,6.73508  ,20.841  ,33.526  ,2.61595e+01
6145  ,6.73508  ,20.841  ,34.6312  ,2.61594e+01
7223  ,15.9088  ,20.6775  ,31.3637  ,2.61593e+01
7457  ,10.638  ,20.8018  ,38.8522  ,2.61590e+01
7502  ,11.6366  ,20.8431  ,29.1044  ,2.61584e+01
6152  ,6.73212  ,20.8097  ,32.2285  ,2.61582e+01
723  ,17.5589  ,19.8572  ,28.4057  ,2.61581e+01
728  ,17.5589  ,19.8572  ,39.4584  ,2.61581e+01
885  ,4.9589  ,19.8572  ,28.4057  ,2.61580e+01
890  ,4.9589  ,19.8572  ,39.4584  ,2.61579e+01
7316  ,12.8125  ,20.6566  ,39.4645  ,2.61576e+01
6131  ,7.44164  ,20.4739  ,39.0618  ,2.61573e+01
7222  ,15.1437  ,20.8789  ,31.3661  ,2.61570e+01
6255  ,9.588  ,20.8018  ,38.8522  ,2.61564e+01
6136  ,7.5303  ,20.7801  ,37.5698  ,2.61563e+01
7324  ,14.0404  ,20.8456  ,37.9873  ,2.61562e+01
7352  ,12.6866  ,20.8431  ,29.1044  ,2.61558e+01
7343  ,14.1032  ,20.9212  ,30.2526  ,2.61555e+01
7240  ,16.5089  ,19.8572  ,27.3005  ,2.61555e+01
7217  ,16.0515  ,20.8595  ,33.513  ,2.61555e+01
7209  ,16.0515  ,20.8595  ,34.6183  ,2.61555e+01
7197  ,16.5089  ,19.8572  ,40.5636  ,2.61554e+01
6125  ,6.0089  ,19.8572  ,40.5636  ,2.61553e+01
6172  ,6.0089  ,19.8572  ,27.3005  ,2.61553e+01
7203  ,15.1334  ,20.8791  ,36.8988  ,2.61551e+01
6144  ,6.7089  ,20.8572  ,35.7742  ,2.61548e+01
743  ,19.6589  ,19.8572  ,32.8268  ,2.61540e+01
744  ,19.6589  ,19.8572  ,35.0373  ,2.61540e+01
6976  ,19.6589  ,19.8572  ,33.932  ,2.61540e+01
906  ,2.8589  ,19.8572  ,35.0373  ,2.61538e+01
905  ,2.8589  ,19.8572  ,32.8268  ,2.61538e+01
5904  ,2.8589  ,19.8572  ,33.932  ,2.61538e+01
7526  ,11.2589  ,19.8572  ,25.0899  ,2.61534e+01
7453  ,11.2589  ,19.8572  ,42.7741  ,2.61534e+01
6160  ,6.73212  ,20.8097  ,31.1232  ,2.61529e+01
704  ,15.4589  ,19.8572  ,26.1952  ,2.61529e+01
711  ,15.4589  ,19.8572  ,41.6689  ,2.61528e+01
866  ,7.0589  ,19.8572  ,26.1952  ,2.61527e+01
873  ,7.0589  ,19.8572  ,41.6689  ,2.61527e+01
6166  ,8.00663  ,20.6609  ,28.9076  ,2.61525e+01
6154  ,6.03696  ,20.7919  ,32.8448  ,2.61523e+01
7087  ,16.9588  ,20.6775  ,32.4689  ,2.61518e+01
7524  ,12.3089  ,19.8572  ,25.0899  ,2.61508e+01
7513  ,10.2089  ,19.8572  ,25.0899  ,2.61508e+01
7440  ,10.2089  ,19.8572  ,42.7741  ,2.61508e+01
7108  ,18.6089  ,19.8572  ,29.511  ,2.61508e+01
7451  ,12.3089  ,19.8572  ,42.7741  ,2.61508e+01
7078  ,18.6089  ,19.8572  ,38.3531  ,2.61507e+01
6004  ,3.9089  ,19.8572  ,38.3531  ,2.61506e+01
6034  ,3.9089  ,19.8572  ,29.511  ,2.61505e+01
6135  ,6.7089  ,20.8572  ,36.8794  ,2.61496e+01
6162  ,6.33912  ,20.6693  ,30.272  ,2.61494e+01
6983  ,19.6589  ,19.8572  ,31.7215  ,2.61487e+01
6969  ,19.6589  ,19.8572  ,36.1426  ,2.61487e+01
7499  ,11.6089  ,20.8043  ,28.0373  ,2.61486e+01
5910  ,2.8589  ,19.8572  ,31.7215  ,2.61485e+01
5897  ,2.8589  ,19.8572  ,36.1426  ,2.61485e+01
7200  ,15.0904  ,20.8456  ,37.9873  ,2.61485e+01
7372  ,13.3589  ,19.8572  ,25.0899  ,2.61482e+01
7315  ,13.3589  ,19.8572  ,42.7741  ,2.61482e+01
6301  ,9.1589  ,19.8572  ,25.0899  ,2.61481e+01
6252  ,9.1589  ,19.8572  ,42.7741  ,2.61481e+01
7221  ,15.1532  ,20.9212  ,30.2526  ,2.61478e+01
1638  ,9.67023  ,21.4383  ,34.2055  ,2.61477e+01
7455  ,10.1409  ,20.6347  ,40.3197  ,2.61473e+01
7224  ,16.2784  ,20.655  ,30.0386  ,2.61468e+01
6013  ,5.68508  ,20.841  ,34.6312  ,2.61466e+01
6022  ,5.68508  ,20.841  ,33.526  ,2.61466e+01
7096  ,16.9588  ,20.6775  ,31.3637  ,2.61465e+01
7350  ,12.6589  ,20.8043  ,28.0373  ,2.61460e+01
7317  ,14.0404  ,20.8456  ,39.0925  ,2.61458e+01
6020  ,5.68212  ,20.8097  ,32.2285  ,2.61453e+01
3258  ,10.6396  ,21.4557  ,35.2661  ,2.61452e+01
7207  ,16.5355  ,20.8618  ,35.7783  ,2.61451e+01
7351  ,14.1032  ,20.9212  ,29.1473  ,2.61451e+01
7501  ,10.0526  ,20.7925  ,27.978  ,2.61451e+01
7444  ,11.7624  ,20.6566  ,40.5698  ,2.61447e+01
6254  ,9.09094  ,20.6347  ,40.3197  ,2.61447e+01
742  ,19.6589  ,19.8572  ,30.6162  ,2.61434e+01
745  ,19.6589  ,19.8572  ,37.2478  ,2.61434e+01
904  ,2.8589  ,19.8572  ,30.6163  ,2.61432e+01
907  ,2.8589  ,19.8572  ,37.2478  ,2.61432e+01
1312  ,11.6089  ,21.4731  ,36.3268  ,2.61427e+01
7083  ,17.1015  ,20.8595  ,34.6183  ,2.61426e+01
7090  ,17.1015  ,20.8595  ,33.513  ,2.61426e+01
7117  ,17.5589  ,19.8572  ,27.3005  ,2.61425e+01
6285  ,9.00256  ,20.7925  ,27.978  ,2.61425e+01
7074  ,17.5589  ,19.8572  ,40.5636  ,2.61425e+01
6049  ,4.9589  ,19.8572  ,27.3005  ,2.61424e+01
6005  ,4.9589  ,19.8572  ,40.5636  ,2.61424e+01
7309  ,12.8125  ,20.6566  ,40.5698  ,2.61421e+01
6012  ,5.6589  ,20.8572  ,35.7742  ,2.61420e+01
6138  ,6.06006  ,20.7162  ,37.8077  ,2.61412e+01
7370  ,14.4089  ,19.8572  ,25.0899  ,2.61404e+01
3249  ,9.32895  ,21.4958  ,35.2385  ,2.61403e+01
7313  ,14.4089  ,19.8572  ,42.7741  ,2.61403e+01
6245  ,8.1089  ,19.8572  ,42.7741  ,2.61403e+01
6294  ,8.1089  ,19.8572  ,25.0899  ,2.61403e+01
7109  ,18.6089  ,19.8572  ,28.4057  ,2.61402e+01
7073  ,18.6089  ,19.8572  ,39.4584  ,2.61402e+01
6028  ,5.68212  ,20.8097  ,31.1232  ,2.61401e+01
6040  ,3.9089  ,19.8572  ,28.4057  ,2.61400e+01
6161  ,7.06856  ,21.0177  ,30.2116  ,2.61400e+01
6003  ,3.9089  ,19.8572  ,39.4584  ,2.61400e+01
7241  ,16.5089  ,19.8572  ,26.1952  ,2.61399e+01
7201  ,16.5355  ,20.8618  ,36.8836  ,2.61399e+01
7192  ,16.5089  ,19.8572  ,41.6689  ,2.61399e+01
6177  ,6.0089  ,19.8572  ,26.1952  ,2.61398e+01
6124  ,6.0089  ,19.8572  ,41.6689  ,2.61397e+01
6016  ,4.98696  ,20.7919  ,33.95  ,2.61395e+01
6024  ,4.98696  ,20.7919  ,32.8448  ,2.61395e+01
6170  ,6.33912  ,20.6693  ,29.1667  ,2.61389e+01
1976  ,10.8146  ,21.6478  ,34.253  ,2.61384e+01
6014  ,4.6089  ,20.6718  ,35.4288  ,2.61384e+01
7194  ,15.0904  ,20.8456  ,39.0925  ,2.61381e+01
3260  ,10.2983  ,21.5132  ,36.2991  ,2.61378e+01
7202  ,16.0621  ,20.7245  ,38.575  ,2.61377e+01
7228  ,15.1532  ,20.9212  ,29.1473  ,2.61374e+01
6129  ,8.04094  ,20.6347  ,40.3197  ,2.61369e+01
6006  ,5.6589  ,20.8572  ,36.8794  ,2.61367e+01
6030  ,5.28912  ,20.6693  ,30.272  ,2.61365e+01
7229  ,16.2784  ,20.655  ,28.9333  ,2.61363e+01
6128  ,6.76582  ,20.5528  ,39.9506  ,2.61360e+01
3256  ,11.7839  ,21.6652  ,35.3136  ,2.61359e+01
6167  ,7.95256  ,20.7925  ,27.978  ,2.61348e+01
6023  ,4.2457  ,20.659  ,33.5555  ,2.61347e+01
6015  ,4.2457  ,20.659  ,34.6608  ,2.61347e+01
6032  ,4.98696  ,20.7919  ,31.7395  ,2.61342e+01
7231  ,15.9695  ,20.5508  ,27.9339  ,2.61340e+01
7097  ,17.3284  ,20.655  ,30.0386  ,2.61339e+01
1977  ,9.39063  ,21.6576  ,33.13  ,2.61337e+01
2437  ,10.8324  ,21.7094  ,33.1182  ,2.61335e+01
667  ,11.2589  ,19.8572  ,23.9847  ,2.61332e+01
676  ,11.2589  ,19.8572  ,43.8794  ,2.61332e+01
6007  ,4.6089  ,20.6718  ,36.534  ,2.61331e+01
7508  ,11.6089  ,20.8043  ,26.932  ,2.61331e+01
1313  ,8.98768  ,21.5534  ,36.2714  ,2.61330e+01
6989  ,19.6589  ,19.8572  ,29.511  ,2.61329e+01
6960  ,19.6589  ,19.8572  ,38.3531  ,2.61328e+01
5917  ,2.8589  ,19.8572  ,29.511  ,2.61327e+01
5890  ,2.8589  ,19.8572  ,38.3531  ,2.61327e+01
7250  ,15.4589  ,19.8572  ,25.0899  ,2.61326e+01
7193  ,15.4589  ,19.8572  ,42.7741  ,2.61325e+01
6185  ,7.0589  ,19.8572  ,25.0899  ,2.61324e+01
6126  ,7.0589  ,19.8572  ,42.7741  ,2.61324e+01
7082  ,17.5855  ,20.8618  ,35.7783  ,2.61323e+01
7446  ,10.1409  ,20.6347  ,41.425  ,2.61319e+01
6975  ,20.7089  ,19.8572  ,32.8268  ,2.61315e+01
6968  ,20.7089  ,19.8572  ,35.0373  ,2.61314e+01
6974  ,20.7089  ,19.8572  ,33.932  ,2.61314e+01
5896  ,1.8089  ,19.8572  ,33.932  ,2.61313e+01
5895  ,1.8089  ,19.8572  ,35.0373  ,2.61313e+01
5902  ,1.8089  ,19.8572  ,32.8268  ,2.61313e+01
7353  ,14.0394  ,20.9697  ,28.0519  ,2.61313e+01
1028  ,7.82437  ,21.0905  ,38.6653  ,2.61309e+01
1496  ,10.6827  ,21.6418  ,30.9732  ,2.61307e+01
6130  ,6.06006  ,20.7162  ,38.913  ,2.61307e+01
7525  ,12.3089  ,19.8572  ,23.9847  ,2.61306e+01
7522  ,10.2089  ,19.8572  ,23.9847  ,2.61305e+01
7442  ,12.3089  ,19.8572  ,43.8794  ,2.61305e+01
7439  ,10.2089  ,19.8572  ,43.8794  ,2.61305e+01
7357  ,12.6589  ,20.8043  ,26.932  ,2.61305e+01
4396  ,13.1203  ,21.6597  ,35.3097  ,2.61298e+01
7510  ,10.0526  ,20.7925  ,26.8727  ,2.61297e+01
6168  ,7.06856  ,21.0177  ,29.1063  ,2.61296e+01
3257  ,11.9374  ,21.4645  ,37.8988  ,2.61293e+01
6249  ,9.09094  ,20.6347  ,41.425  ,2.61292e+01
7091  ,18.2732  ,20.7079  ,32.1684  ,2.61292e+01
1740  ,11.9589  ,21.8572  ,34.3005  ,2.61291e+01
7081  ,17.9173  ,20.8957  ,34.6616  ,2.61291e+01
7088  ,17.9173  ,20.8957  ,33.5564  ,2.61291e+01
6008  ,5.01007  ,20.7162  ,37.8077  ,2.61283e+01
5068  ,10.813  ,21.6098  ,37.2864  ,2.61281e+01
685  ,13.3589  ,19.8572  ,23.9847  ,2.61280e+01
694  ,13.3589  ,19.8572  ,43.8794  ,2.61279e+01
856  ,9.1589  ,19.8572  ,43.8794  ,2.61279e+01
847  ,9.1589  ,19.8572  ,23.9847  ,2.61279e+01
7196  ,16.0621  ,20.7245  ,39.6803  ,2.61272e+01
7089  ,18.4342  ,20.7541  ,33.3298  ,2.61271e+01
7075  ,17.5855  ,20.8618  ,36.8836  ,2.61270e+01
6290  ,9.00256  ,20.7925  ,26.8727  ,2.61270e+01
722  ,17.5589  ,19.8572  ,26.1952  ,2.61270e+01
729  ,17.5589  ,19.8572  ,41.6689  ,2.61269e+01
884  ,4.9589  ,19.8572  ,26.1952  ,2.61268e+01
891  ,4.9589  ,19.8572  ,41.6689  ,2.61268e+01
7318  ,13.9678  ,20.954  ,40.2452  ,2.61264e+01
6981  ,20.7089  ,19.8572  ,31.7215  ,2.61262e+01
6967  ,20.7089  ,19.8572  ,36.1426  ,2.61261e+01
6038  ,5.28912  ,20.6693  ,29.1667  ,2.61261e+01
6021  ,3.94308  ,20.6602  ,32.195  ,2.61260e+01
2424  ,9.81851  ,21.5532  ,30.1913  ,2.61260e+01
5889  ,1.8089  ,19.8572  ,36.1426  ,2.61260e+01
5903  ,1.8089  ,19.8572  ,31.7215  ,2.61259e+01
3201  ,8.04074  ,21.6315  ,34.2153  ,2.61258e+01
2423  ,9.89685  ,21.7594  ,31.5138  ,2.61251e+01
2443  ,11.3386  ,21.8111  ,31.502  ,2.61250e+01
7076  ,17.1121  ,20.7245  ,38.575  ,2.61248e+01
7115  ,18.6089  ,19.8572  ,27.3005  ,2.61247e+01
7072  ,18.6089  ,19.8572  ,40.5636  ,2.61245e+01
5998  ,3.9089  ,19.8572  ,40.5636  ,2.61244e+01
6041  ,3.9089  ,19.8572  ,27.3005  ,2.61244e+01
2435  ,11.9767  ,21.9188  ,33.1657  ,2.61242e+01
4550  ,13.2084  ,21.6871  ,36.4382  ,2.61241e+01
7098  ,18.2732  ,20.7079  ,31.0631  ,2.61240e+01
7230  ,15.0894  ,20.9697  ,28.0519  ,2.61235e+01
7103  ,17.3284  ,20.655  ,28.9333  ,2.61234e+01
5067  ,9.50239  ,21.6499  ,37.2587  ,2.61232e+01
6000  ,5.71582  ,20.5528  ,39.9506  ,2.61231e+01
4392  ,13.2953  ,21.8518  ,34.2965  ,2.61230e+01
741  ,19.6589  ,19.8572  ,28.4057  ,2.61223e+01
746  ,19.6589  ,19.8572  ,39.4584  ,2.61222e+01
5077  ,8.92074  ,21.4185  ,38.4556  ,2.61222e+01
903  ,2.8589  ,19.8572  ,28.4057  ,2.61221e+01
908  ,2.8589  ,19.8572  ,39.4584  ,2.61221e+01
6253  ,8.28018  ,21.1812  ,39.6245  ,2.61218e+01
5901  ,3.93696  ,20.7919  ,32.8448  ,2.61216e+01
2425  ,11.3485  ,21.7354  ,30.3881  ,2.61215e+01
6122  ,8.04094  ,20.6347  ,41.425  ,2.61214e+01
1693  ,8.95435  ,21.4646  ,29.4095  ,2.61213e+01
7107  ,17.0195  ,20.5508  ,27.9339  ,2.61211e+01
6982  ,20.7089  ,19.8572  ,30.6162  ,2.61208e+01
6959  ,20.7089  ,19.8572  ,37.2478  ,2.61208e+01
6031  ,3.94308  ,20.6602  ,31.0897  ,2.61208e+01
5908  ,1.8089  ,19.8572  ,30.6163  ,2.61206e+01
5888  ,1.8089  ,19.8572  ,37.2478  ,2.61206e+01
5893  ,3.5589  ,20.6718  ,35.4288  ,2.61205e+01
3254  ,8.49469  ,21.6282  ,37.0816  ,2.61205e+01
6119  ,6.76582  ,20.5528  ,41.0558  ,2.61205e+01
1816  ,9.03269  ,21.6708  ,30.732  ,2.61204e+01
6169  ,6.61386  ,20.8535  ,28.0005  ,2.61202e+01
7371  ,14.4089  ,19.8572  ,23.9847  ,2.61201e+01
7307  ,14.4089  ,19.8572  ,43.8794  ,2.61201e+01
6244  ,8.1089  ,19.8572  ,43.8794  ,2.61200e+01
6299  ,8.1089  ,19.8572  ,23.9847  ,2.61200e+01
7248  ,16.5089  ,19.8572  ,25.0899  ,2.61197e+01
1734  ,9.11103  ,21.877  ,32.0545  ,2.61196e+01
5075  ,7.91304  ,21.3967  ,38.2785  ,2.61195e+01
6117  ,6.0089  ,19.8572  ,42.7741  ,2.61195e+01
7191  ,16.5089  ,19.8572  ,42.7741  ,2.61195e+01
2436  ,10.5528  ,21.9287  ,32.0427  ,2.61194e+01
6178  ,6.0089  ,19.8572  ,25.0899  ,2.61194e+01
1494  ,11.9945  ,21.9804  ,32.0309  ,2.61193e+01
6174  ,7.95256  ,20.7925  ,26.8727  ,2.61193e+01
7195  ,15.0178  ,20.954  ,40.2452  ,2.61187e+01
7239  ,15.9695  ,20.5508  ,26.8286  ,2.61185e+01
3251  ,7.69946  ,21.689  ,35.2483  ,2.61184e+01
4395  ,13.3131  ,21.9134  ,33.1618  ,2.61181e+01
6002  ,5.01007  ,20.7162  ,38.913  ,2.61178e+01
3905  ,13.1654  ,21.6535  ,37.5267  ,2.61175e+01
7456  ,11.133  ,21.3996  ,40.0834  ,2.61171e+01
5894  ,3.1957  ,20.659  ,34.6608  ,2.61169e+01
5900  ,3.1957  ,20.659  ,33.5555  ,2.61169e+01
1123  ,14.6317  ,21.8463  ,34.2926  ,2.61169e+01
2413  ,10.4843  ,21.6469  ,29.6063  ,2.61168e+01
1739  ,12.266  ,21.4559  ,39.4707  ,2.61159e+01
7360  ,14.0394  ,20.9697  ,26.9466  ,2.61158e+01
2442  ,12.0044  ,21.9047  ,30.917  ,2.61158e+01
4394  ,15.4952  ,21.6721  ,33.2019  ,2.61154e+01
5885  ,3.5589  ,20.6718  ,36.534  ,2.61152e+01
5063  ,11.1416  ,21.6012  ,38.8583  ,2.61147e+01
6247  ,8.63824  ,20.6202  ,42.1652  ,2.61146e+01
6965  ,18.6355  ,20.8618  ,35.7783  ,2.61145e+01
7069  ,17.1121  ,20.7245  ,39.6803  ,2.61143e+01
2440  ,13.4115  ,21.9405  ,32.0734  ,2.61143e+01
6127  ,7.23018  ,21.1812  ,39.6245  ,2.61141e+01
1513  ,16.3587  ,21.4978  ,32.1111  ,2.61139e+01
7447  ,11.7147  ,20.8665  ,41.9658  ,2.61138e+01
3250  ,7.67329  ,21.7053  ,36.3912  ,2.61137e+01
1029  ,10.0171  ,21.7464  ,38.246  ,2.61135e+01
7077  ,17.9089  ,20.8572  ,37.9847  ,2.61135e+01
7511  ,11.6089  ,20.8572  ,25.8268  ,2.61132e+01
4393  ,14.7301  ,21.8735  ,33.2042  ,2.61131e+01
703  ,15.4589  ,19.8572  ,23.9847  ,2.61123e+01
1498  ,12.0142  ,21.8291  ,29.8031  ,2.61123e+01
712  ,15.4589  ,19.8572  ,43.8794  ,2.61122e+01
874  ,7.0589  ,19.8572  ,43.8794  ,2.61121e+01
865  ,7.0589  ,19.8572  ,23.9847  ,2.61121e+01
6029  ,4.28546  ,20.8374  ,30.2198  ,2.61121e+01
7190  ,16.0621  ,20.7245  ,40.7856  ,2.61117e+01
3200  ,7.76114  ,21.8508  ,33.1398  ,2.61117e+01
2373  ,15.5936  ,21.6992  ,32.1135  ,2.61115e+01
6973  ,19.3232  ,20.7079  ,32.1684  ,2.61114e+01
6961  ,18.9673  ,20.8957  ,34.6616  ,2.61113e+01
7310  ,12.7647  ,20.8665  ,41.9658  ,2.61112e+01
4553  ,14.7198  ,21.8737  ,35.4211  ,2.61112e+01
7509  ,10.5322  ,20.887  ,25.8425  ,2.61110e+01
7312  ,13.9678  ,20.954  ,41.3505  ,2.61110e+01
5066  ,9.0094  ,21.7247  ,38.0688  ,2.61108e+01
7359  ,12.6589  ,20.8572  ,25.8268  ,2.61107e+01
7095  ,18.3496  ,20.8378  ,30.2785  ,2.61106e+01
5887  ,3.96007  ,20.7162  ,37.8077  ,2.61105e+01
2219  ,7.75819  ,21.8196  ,31.8423  ,2.61104e+01
6987  ,20.7089  ,19.8572  ,29.511  ,2.61103e+01
6958  ,20.7089  ,19.8572  ,38.3531  ,2.61102e+01
5882  ,1.8089  ,19.8572  ,38.3531  ,2.61100e+01
5909  ,1.8089  ,19.8572  ,29.511  ,2.61100e+01
6962  ,19.4842  ,20.7541  ,34.435  ,2.61093e+01
6971  ,19.4842  ,20.7541  ,33.3298  ,2.61093e+01
1516  ,14.8285  ,21.9006  ,32.1159  ,2.61092e+01
6954  ,18.6355  ,20.8618  ,36.8836  ,2.61092e+01
7116  ,18.6089  ,19.8572  ,26.1952  ,2.61090e+01
761  ,21.7589  ,19.8572  ,32.8268  ,2.61089e+01
7067  ,18.6089  ,19.8572  ,41.6689  ,2.61089e+01
6854  ,21.7589  ,19.8572  ,33.932  ,2.61089e+01
762  ,21.7589  ,19.8572  ,35.0373  ,2.61089e+01
7535  ,11.2589  ,19.8572  ,22.8794  ,2.61089e+01
7443  ,11.2589  ,19.8572  ,44.9847  ,2.61088e+01
6047  ,3.9089  ,19.8572  ,26.1952  ,2.61088e+01
5997  ,3.9089  ,19.8572  ,41.6689  ,2.61088e+01
924  ,0.758901  ,19.8572  ,35.0373  ,2.61087e+01
923  ,0.758901  ,19.8572  ,32.8268  ,2.61087e+01
5781  ,0.758901  ,19.8572  ,33.932  ,2.61087e+01
6289  ,9.48219  ,20.887  ,25.8425  ,2.61084e+01
5898  ,2.89308  ,20.6602  ,32.195  ,2.61082e+01
1315  ,8.0017  ,21.703  ,37.8917  ,2.61081e+01
7236  ,15.0894  ,20.9697  ,26.9466  ,2.61080e+01
5994  ,5.71582  ,20.5528  ,41.0558  ,2.61075e+01
6036  ,5.56386  ,20.8535  ,28.0005  ,2.61073e+01
1817  ,10.4566  ,21.608  ,28.5392  ,2.61069e+01
6121  ,7.58824  ,20.6202  ,42.1652  ,2.61068e+01
6995  ,19.6589  ,19.8572  ,27.3005  ,2.61067e+01
6952  ,19.6589  ,19.8572  ,40.5636  ,2.61066e+01
7124  ,17.5589  ,19.8572  ,25.0899  ,2.61066e+01
7068  ,17.5589  ,19.8572  ,42.7741  ,2.61065e+01
6056  ,4.9589  ,19.8572  ,25.0899  ,2.61064e+01
5924  ,2.8589  ,19.8572  ,27.3005  ,2.61064e+01
5883  ,2.8589  ,19.8572  ,40.5636  ,2.61064e+01
5999  ,4.9589  ,19.8572  ,42.7741  ,2.61064e+01
4401  ,15.638  ,21.8541  ,34.2459  ,2.61063e+01
7533  ,12.3089  ,19.8572  ,22.8794  ,2.61062e+01
7441  ,12.3089  ,19.8572  ,44.9847  ,2.61062e+01
7523  ,10.2089  ,19.8572  ,22.8794  ,2.61062e+01
7432  ,10.2089  ,19.8572  ,44.9847  ,2.61062e+01
6980  ,19.3232  ,20.7079  ,31.0631  ,2.61061e+01
7445  ,10.8159  ,20.6519  ,42.9411  ,2.61058e+01
7114  ,17.0195  ,20.5508  ,26.8286  ,2.61056e+01
1098  ,14.8079  ,21.901  ,36.5497  ,2.61056e+01
2439  ,13.421  ,21.9828  ,30.9599  ,2.61051e+01
4398  ,16.5015  ,21.6798  ,33.1552  ,2.61048e+01
6175  ,6.61386  ,20.8535  ,26.8952  ,2.61047e+01
5076  ,6.4428  ,21.3329  ,38.5164  ,2.61043e+01
3904  ,13.4939  ,21.6449  ,39.0987  ,2.61041e+01
1324  ,6.41125  ,21.8247  ,34.2252  ,2.61038e+01
7311  ,13.8319  ,20.6552  ,42.6648  ,2.61037e+01
7361  ,14.0589  ,20.8572  ,25.8268  ,2.61037e+01
7379  ,13.3589  ,19.8572  ,22.8794  ,2.61036e+01
6861  ,21.7589  ,19.8572  ,31.7215  ,2.61036e+01
7308  ,13.3589  ,19.8572  ,44.9847  ,2.61036e+01
6847  ,21.7589  ,19.8572  ,36.1426  ,2.61036e+01
6308  ,9.1589  ,19.8572  ,22.8794  ,2.61035e+01
6246  ,9.1589  ,19.8572  ,44.9847  ,2.61035e+01
1823  ,8.90029  ,21.5962  ,28.4798  ,2.61035e+01
5788  ,0.758901  ,19.8572  ,31.7215  ,2.61034e+01
5774  ,0.758901  ,19.8572  ,36.1426  ,2.61034e+01
6248  ,9.76593  ,20.6519  ,42.9411  ,2.61032e+01
7188  ,15.0178  ,20.954  ,41.3505  ,2.61031e+01
7071  ,17.9089  ,20.8572  ,39.0899  ,2.61030e+01
5907  ,2.89308  ,20.6602  ,31.0897  ,2.61029e+01
3204  ,6.4083  ,21.7935  ,32.9276  ,2.61025e+01
2412  ,11.9866  ,21.7902  ,28.736  ,2.61024e+01
2372  ,15.6031  ,21.7415  ,31  ,2.61024e+01
5065  ,9.52004  ,21.5793  ,39.7135  ,2.61018e+01
7448  ,11.133  ,21.3996  ,41.1886  ,2.61016e+01
2414  ,13.4308  ,21.9071  ,29.846  ,2.61016e+01
6037  ,4.28546  ,20.8374  ,29.1145  ,2.61016e+01
2542  ,16.7283  ,21.4753  ,30.786  ,2.61013e+01
3242  ,7.1803  ,21.7801  ,37.2013  ,2.61013e+01
1555  ,6.40535  ,21.7623  ,31.6301  ,2.61012e+01
4554  ,15.726  ,21.8814  ,35.3745  ,2.61006e+01
7102  ,18.3496  ,20.8378  ,29.1732  ,2.61001e+01
2362  ,14.838  ,21.9429  ,31.0024  ,2.61001e+01
5880  ,3.96007  ,20.7162  ,38.913  ,2.60999e+01
6988  ,20.7089  ,19.8572  ,28.4057  ,2.60997e+01
6951  ,20.7089  ,19.8572  ,39.4584  ,2.60996e+01
5915  ,1.8089  ,19.8572  ,28.4057  ,2.60995e+01
5881  ,1.8089  ,19.8572  ,39.4584  ,2.60995e+01
7249  ,16.5089  ,19.8572  ,23.9847  ,2.60993e+01
7185  ,16.5089  ,19.8572  ,43.8794  ,2.60992e+01
3205  ,6.38508  ,21.841  ,35.3681  ,2.60991e+01
6183  ,6.0089  ,19.8572  ,23.9847  ,2.60991e+01
6116  ,6.0089  ,19.8572  ,43.8794  ,2.60991e+01
4551  ,14.7649  ,21.8675  ,37.6382  ,2.60989e+01
7064  ,17.1121  ,20.7245  ,40.7856  ,2.60987e+01
2224  ,8.01629  ,21.8214  ,29.6082  ,2.60984e+01
760  ,21.7589  ,19.8572  ,30.6162  ,2.60983e+01
763  ,21.7589  ,19.8572  ,37.2478  ,2.60982e+01
922  ,0.758901  ,19.8572  ,30.6163  ,2.60980e+01
925  ,0.758901  ,19.8572  ,37.2478  ,2.60980e+01
2240  ,6.01234  ,21.6218  ,30.7789  ,2.60977e+01
2222  ,8.09463  ,22.0275  ,30.9307  ,2.60975e+01
6291  ,7.79  ,20.8571  ,25.8381  ,2.60972e+01
4671  ,5.71314  ,21.7756  ,33.5439  ,2.60966e+01
7237  ,15.1089  ,20.8572  ,25.8268  ,2.60959e+01
7187  ,14.8819  ,20.6552  ,42.6648  ,2.60959e+01
7377  ,14.4089  ,19.8572  ,22.8794  ,2.60958e+01
6239  ,8.1089  ,19.8572  ,44.9847  ,2.60957e+01
1122  ,16.6442  ,21.8618  ,34.1992  ,2.60957e+01
7306  ,14.4089  ,19.8572  ,44.9847  ,2.60956e+01
6956  ,18.9589  ,20.8572  ,37.9847  ,2.60956e+01
6300  ,8.1089  ,19.8572  ,22.8794  ,2.60956e+01
3220  ,5.33508  ,21.6555  ,35.0227  ,2.60955e+01
4667  ,5.71019  ,21.7444  ,32.2464  ,2.60954e+01
7358  ,13.3447  ,20.8262  ,25.0649  ,2.60953e+01
1326  ,6.3589  ,21.8572  ,36.511  ,2.60945e+01
6241  ,8.63824  ,20.6202  ,43.2705  ,2.60944e+01
5905  ,3.23546  ,20.8374  ,30.2198  ,2.60942e+01
1547  ,5.61934  ,21.4813  ,29.9277  ,2.60941e+01
6001  ,4.64391  ,20.8694  ,39.8334  ,2.60939e+01
6120  ,6.98639  ,20.9217  ,41.738  ,2.60938e+01
7437  ,11.7147  ,20.8665  ,43.071  ,2.60936e+01
7104  ,17.5126  ,21.0548  ,28.2427  ,2.60935e+01
7519  ,11.6089  ,20.8572  ,24.7215  ,2.60930e+01
4859  ,6.53147  ,21.6391  ,38.1296  ,2.60929e+01
6977  ,19.3996  ,20.8378  ,30.2785  ,2.60928e+01
1724  ,11.9589  ,21.7513  ,27.6689  ,2.60926e+01
1196  ,14.7218  ,21.8339  ,38.7267  ,2.60922e+01
4654  ,4.97187  ,21.6427  ,34.2547  ,2.60919e+01
4669  ,5.31718  ,21.604  ,31.3952  ,2.60918e+01
5892  ,2.1589  ,20.6718  ,35.7742  ,2.60918e+01
6043  ,5.56386  ,20.8535  ,26.8952  ,2.60917e+01
6039  ,4.32936  ,20.8146  ,28.0428  ,2.60915e+01
5133  ,17.6731  ,21.5282  ,31.8105  ,2.60913e+01
2876  ,17.3172  ,21.716  ,33.1985  ,2.60912e+01
740  ,19.6589  ,19.8572  ,26.1952  ,2.60910e+01
7303  ,12.7647  ,20.8665  ,43.071  ,2.60910e+01
1517  ,14.8474  ,21.9852  ,29.8889  ,2.60909e+01
747  ,19.6589  ,19.8572  ,41.6689  ,2.60909e+01
3218  ,5.3089  ,21.6718  ,36.1656  ,2.60909e+01
7517  ,10.5322  ,20.887  ,24.7372  ,2.60908e+01
902  ,2.8589  ,19.8572  ,26.1952  ,2.60907e+01
909  ,2.8589  ,19.8572  ,41.6689  ,2.60907e+01
6292  ,8.48767  ,20.8113  ,25.0251  ,2.60906e+01
1982  ,10.4427  ,22.7405  ,33.9767  ,2.60905e+01
7367  ,12.6589  ,20.8572  ,24.7215  ,2.60904e+01
4552  ,16.21  ,21.8837  ,36.5345  ,2.60903e+01
1521  ,9.02297  ,21.4122  ,41.181  ,2.60901e+01
2541  ,15.9727  ,21.719  ,29.6749  ,2.60898e+01
1084  ,5.01502  ,21.7266  ,32.8627  ,2.60895e+01
6176  ,6.74  ,20.8571  ,25.8381  ,2.60894e+01
3245  ,9.80997  ,22.6942  ,34.9892  ,2.60894e+01
7106  ,18.55  ,20.658  ,27.7799  ,2.60893e+01
1979  ,9.06456  ,22.6478  ,33.8846  ,2.60892e+01
2347  ,7.74785  ,21.3302  ,40.8119  ,2.60892e+01
1819  ,10.4026  ,21.7395  ,27.6095  ,2.60892e+01
7070  ,17.9089  ,20.8572  ,40.1952  ,2.60890e+01
1474  ,17.098  ,21.4528  ,29.461  ,2.60888e+01
4569  ,12.1339  ,22.6652  ,36.0505  ,2.60886e+01
7122  ,18.6089  ,19.8572  ,25.0899  ,2.60886e+01
7066  ,18.6089  ,19.8572  ,42.7741  ,2.60884e+01
5992  ,3.9089  ,19.8572  ,42.7741  ,2.60884e+01
2227  ,6.74179  ,21.9702  ,30.7185  ,2.60883e+01
1538  ,6.47273  ,21.2483  ,40.4427  ,2.60883e+01
6048  ,3.9089  ,19.8572  ,25.0899  ,2.60883e+01
6296  ,9.48219  ,20.887  ,24.7372  ,2.60882e+01
7256  ,15.4589  ,19.8572  ,22.8794  ,2.60879e+01
7186  ,15.4589  ,19.8572  ,44.9847  ,2.60878e+01
6118  ,7.0589  ,19.8572  ,44.9847  ,2.60877e+01
6192  ,7.0589  ,19.8572  ,22.8794  ,2.60877e+01
3855  ,13.3671  ,21.9557  ,28.7505  ,2.60877e+01
6868  ,21.7589  ,19.8572  ,29.511  ,2.60877e+01
5074  ,7.61291  ,21.7979  ,39.228  ,2.60876e+01
6840  ,21.7589  ,19.8572  ,38.3531  ,2.60876e+01
4799  ,15.6638  ,21.6147  ,28.6755  ,2.60875e+01
5794  ,0.758901  ,19.8572  ,29.511  ,2.60874e+01
5767  ,0.758901  ,19.8572  ,38.3531  ,2.60874e+01
1321  ,4.2589  ,21.4863  ,35.8202  ,2.60873e+01
3961  ,10.4891  ,22.5493  ,36.9153  ,2.60872e+01
3259  ,10.7793  ,22.7116  ,36.0499  ,2.60869e+01
7105  ,17.5799  ,20.8934  ,27.3016  ,2.60866e+01
6112  ,7.58824  ,20.6202  ,43.2705  ,2.60866e+01
6964  ,20.3373  ,20.8373  ,35.2075  ,2.60865e+01
4800  ,16.7891  ,21.3485  ,28.4615  ,2.60865e+01
6972  ,20.367  ,20.8457  ,33.1231  ,2.60865e+01
6963  ,20.367  ,20.8457  ,34.2284  ,2.60865e+01
5884  ,2.1589  ,20.6718  ,36.8794  ,2.60865e+01
721  ,17.5589  ,19.8572  ,23.9847  ,2.60862e+01
730  ,17.5589  ,19.8572  ,43.8794  ,2.60861e+01
4855  ,5.71006  ,21.7162  ,37.4393  ,2.60861e+01
883  ,4.9589  ,19.8572  ,23.9847  ,2.60860e+01
892  ,4.9589  ,19.8572  ,43.8794  ,2.60860e+01
1692  ,8.84622  ,21.7278  ,27.5502  ,2.60857e+01
5775  ,1.84308  ,20.6602  ,32.195  ,2.60857e+01
7436  ,10.8159  ,20.6519  ,44.0463  ,2.60856e+01
4400  ,17.1282  ,21.8641  ,35.3593  ,2.60854e+01
6948  ,18.9589  ,20.8572  ,39.0899  ,2.60850e+01
6966  ,19.6676  ,21.0715  ,36.0425  ,2.60850e+01
2386  ,12.2182  ,21.6658  ,40.8667  ,2.60850e+01
3231  ,8.71456  ,22.6478  ,34.9898  ,2.60849e+01
2241  ,6.34878  ,21.8297  ,29.8673  ,2.60848e+01
3909  ,13.4213  ,21.7534  ,40.2514  ,2.60847e+01
4672  ,4.27376  ,21.5937  ,33.5735  ,2.60847e+01
666  ,11.2589  ,19.8572  ,21.7741  ,2.60845e+01
677  ,11.2589  ,19.8572  ,46.0899  ,2.60844e+01
2449  ,11.3954  ,22.6787  ,31.1455  ,2.60844e+01
1067  ,16.4802  ,21.2443  ,27.4621  ,2.60841e+01
6993  ,20.7089  ,19.8572  ,27.3005  ,2.60840e+01
7238  ,16.5299  ,20.8934  ,26.1963  ,2.60840e+01
7235  ,16.6255  ,20.6697  ,25.6314  ,2.60839e+01
6950  ,20.7089  ,19.8572  ,40.5636  ,2.60838e+01
5875  ,1.8089  ,19.8572  ,40.5636  ,2.60838e+01
5891  ,2.1394  ,20.8951  ,34.3784  ,2.60837e+01
5899  ,2.1394  ,20.8951  ,33.2732  ,2.60837e+01
5912  ,3.23546  ,20.8374  ,29.1145  ,2.60836e+01
3908  ,16.167  ,21.8501  ,37.623  ,2.60836e+01
5916  ,1.8089  ,19.8572  ,27.3005  ,2.60836e+01
4656  ,3.8957  ,21.4736  ,35.0522  ,2.60836e+01
7304  ,13.8319  ,20.6552  ,43.77  ,2.60835e+01
7368  ,14.0589  ,20.8572  ,24.7215  ,2.60835e+01
4851  ,5.76698  ,21.4118  ,39.4052  ,2.60830e+01
6242  ,9.76593  ,20.6519  ,44.0463  ,2.60830e+01
4857  ,4.66007  ,21.5308  ,37.0939  ,2.60825e+01
3960  ,9.17848  ,22.5895  ,36.8876  ,2.60824e+01
7189  ,15.8244  ,20.8456  ,42.4106  ,2.60824e+01
6852  ,22.8089  ,19.8572  ,33.932  ,2.60823e+01
6853  ,22.8089  ,19.8572  ,32.8268  ,2.60822e+01
6846  ,22.8089  ,19.8572  ,35.0373  ,2.60822e+01
6984  ,19.3996  ,20.8378  ,29.1732  ,2.60822e+01
4558  ,11.9592  ,22.6381  ,37.2894  ,2.60821e+01
4399  ,17.4599  ,21.898  ,34.2426  ,2.60821e+01
5779  ,-0.2911  ,19.8572  ,32.8268  ,2.60821e+01
5773  ,-0.2911  ,19.8572  ,33.932  ,2.60821e+01
5772  ,-0.2911  ,19.8572  ,35.0373  ,2.60821e+01
3255  ,9.46869  ,22.7517  ,36.0222  ,2.60820e+01
7534  ,12.3089  ,19.8572  ,21.7741  ,2.60819e+01
7531  ,10.2089  ,19.8572  ,21.7741  ,2.60818e+01
7434  ,12.3089  ,19.8572  ,46.0899  ,2.60818e+01
7431  ,10.2089  ,19.8572  ,46.0899  ,2.60818e+01
4566  ,12.3089  ,22.8572  ,35.0373  ,2.60818e+01
6970  ,20.3576  ,20.8813  ,32.0981  ,2.60815e+01
3918  ,15.6936  ,21.7129  ,39.3145  ,2.60814e+01
6953  ,20.3373  ,20.8373  ,36.3128  ,2.60812e+01
1980  ,11.587  ,22.95  ,34.0242  ,2.60812e+01
2225  ,7.96222  ,21.953  ,28.6785  ,2.60806e+01
5784  ,1.84308  ,20.6602  ,31.0897  ,2.60803e+01
4385  ,12.9936  ,22.8499  ,33.9157  ,2.60803e+01
3244  ,10.9543  ,22.9037  ,35.0367  ,2.60801e+01
1086  ,3.5325  ,21.4608  ,34.2842  ,2.60799e+01
6955  ,19.6676  ,21.0715  ,37.1478  ,2.60797e+01
684  ,13.3589  ,19.8572  ,21.7741  ,2.60793e+01
846  ,9.1589  ,19.8572  ,21.7741  ,2.60792e+01
695  ,13.3589  ,19.8572  ,46.0899  ,2.60792e+01
857  ,9.1589  ,19.8572  ,46.0899  ,2.60792e+01
5064  ,8.70928  ,22.1258  ,39.0183  ,2.60789e+01
3253  ,8.14649  ,22.5014  ,36.8925  ,2.60789e+01
5134  ,18.0427  ,21.5057  ,30.4855  ,2.60788e+01
2451  ,12.0514  ,22.848  ,31.6743  ,2.60787e+01
5995  ,4.64391  ,20.8694  ,40.9386  ,2.60783e+01
6123  ,5.8339  ,20.8043  ,42.1294  ,2.60778e+01
3853  ,13.3394  ,21.9168  ,27.6834  ,2.60778e+01
1059  ,5.06123  ,21.5752  ,38.3676  ,2.60777e+01
7518  ,12.2947  ,20.8262  ,23.9597  ,2.60777e+01
3252  ,8.37329  ,22.7053  ,36.0228  ,2.60775e+01
6957  ,19.8619  ,20.8682  ,38.1022  ,2.60772e+01
5906  ,2.1589  ,20.7513  ,30.2478  ,2.60771e+01
759  ,21.7589  ,19.8572  ,28.4057  ,2.60771e+01
3854  ,14.7836  ,22.0337  ,28.7935  ,2.60770e+01
764  ,21.7589  ,19.8572  ,39.4584  ,2.60770e+01
6859  ,22.8089  ,19.8572  ,31.7215  ,2.60769e+01
6845  ,22.8089  ,19.8572  ,36.1426  ,2.60768e+01
926  ,0.758901  ,19.8572  ,39.4584  ,2.60768e+01
921  ,0.758901  ,19.8572  ,28.4057  ,2.60768e+01
5780  ,-0.2911  ,19.8572  ,31.7215  ,2.60767e+01
5766  ,-0.2911  ,19.8572  ,36.1426  ,2.60767e+01
2434  ,10.3302  ,22.876  ,31.232  ,2.60764e+01
6046  ,5.69  ,20.8571  ,25.8381  ,2.60764e+01
1981  ,10.1631  ,22.9598  ,32.9011  ,2.60764e+01
2438  ,11.6048  ,23.0116  ,32.8894  ,2.60763e+01
3241  ,7.70158  ,22.1041  ,38.8412  ,2.60762e+01
6978  ,20.3576  ,20.8813  ,30.9928  ,2.60762e+01
5877  ,3.59391  ,20.8694  ,39.8334  ,2.60760e+01
4670  ,3.97114  ,21.5949  ,32.213  ,2.60760e+01
6044  ,4.32936  ,20.8146  ,26.9375  ,2.60759e+01
4571  ,13.6453  ,22.8518  ,35.0334  ,2.60757e+01
5886  ,2.48289  ,20.8448  ,38.0011  ,2.60757e+01
7247  ,15.1089  ,20.8572  ,24.7215  ,2.60756e+01
7181  ,14.8819  ,20.6552  ,43.77  ,2.60756e+01
2349  ,8.57028  ,21.3977  ,41.9213  ,2.60756e+01
1554  ,7.07822  ,22.1781  ,29.8069  ,2.60754e+01
4389  ,13.0114  ,22.9115  ,32.7809  ,2.60754e+01
2242  ,5.89408  ,21.6655  ,28.7615  ,2.60754e+01
2447  ,12.0612  ,22.7723  ,30.5604  ,2.60752e+01
1978  ,8.78496  ,22.8671  ,32.809  ,2.60752e+01
7365  ,13.3447  ,20.8262  ,23.9597  ,2.60750e+01
1195  ,17.6121  ,21.8664  ,36.5194  ,2.60750e+01
7254  ,16.5089  ,19.8572  ,22.8794  ,2.60748e+01
6109  ,6.0089  ,19.8572  ,44.9847  ,2.60747e+01
7184  ,16.5089  ,19.8572  ,44.9847  ,2.60746e+01
6184  ,6.0089  ,19.8572  ,22.8794  ,2.60745e+01
4397  ,14.33  ,22.8444  ,33.9118  ,2.60742e+01
7113  ,18.55  ,20.658  ,26.6747  ,2.60737e+01
4802  ,15.6  ,21.6633  ,27.58  ,2.60736e+01
5913  ,3.27936  ,20.8146  ,28.0428  ,2.60735e+01
6111  ,6.98639  ,20.9217  ,42.8433  ,2.60735e+01
7065  ,17.9089  ,20.8572  ,41.3005  ,2.60734e+01
3912  ,14.6492  ,21.9424  ,39.8794  ,2.60729e+01
3919  ,17.1387  ,21.7291  ,38.2108  ,2.60728e+01
3939  ,11.6366  ,22.199  ,40.0896  ,2.60728e+01
3784  ,11.9589  ,21.8043  ,26.5636  ,2.60727e+01
5071  ,9.6932  ,22.686  ,37.8749  ,2.60726e+01
2388  ,10.5967  ,21.6439  ,41.7219  ,2.60721e+01
3906  ,17.9439  ,21.9002  ,35.4026  ,2.60718e+01
2429  ,9.46602  ,22.7874  ,30.4501  ,2.60717e+01
5069  ,10.5121  ,22.3442  ,39.4772  ,2.60716e+01
6860  ,22.8089  ,19.8572  ,30.6162  ,2.60716e+01
6839  ,22.8089  ,19.8572  ,37.2478  ,2.60715e+01
7378  ,14.4089  ,19.8572  ,21.7741  ,2.60714e+01
6986  ,19.6  ,20.658  ,27.7799  ,2.60714e+01
5765  ,-0.2911  ,19.8572  ,37.2478  ,2.60713e+01
5786  ,-0.2911  ,19.8572  ,30.6163  ,2.60713e+01
7301  ,14.4089  ,19.8572  ,46.0899  ,2.60713e+01
6238  ,8.1089  ,19.8572  ,46.0899  ,2.60713e+01
4649  ,3.22988  ,21.462  ,32.9237  ,2.60713e+01
6306  ,8.1089  ,19.8572  ,21.7741  ,2.60713e+01
2232  ,7.50752  ,21.7887  ,27.5727  ,2.60712e+01
6947  ,18.9589  ,20.8572  ,40.1952  ,2.60711e+01
7112  ,17.5799  ,20.8934  ,26.1963  ,2.60710e+01
7111  ,17.6755  ,20.6697  ,25.6314  ,2.60709e+01
2428  ,9.54436  ,22.9935  ,31.7726  ,2.60709e+01
2444  ,10.9861  ,23.0453  ,31.7608  ,2.60707e+01
1192  ,16.6653  ,21.5918  ,39.9023  ,2.60706e+01
1778  ,10.8822  ,21.834  ,26.5793  ,2.60705e+01
7002  ,19.6589  ,19.8572  ,25.0899  ,2.60705e+01
6945  ,19.6589  ,19.8572  ,42.7741  ,2.60704e+01
4387  ,14.4284  ,22.8716  ,32.8234  ,2.60704e+01
6297  ,8.48767  ,20.8113  ,23.9199  ,2.60704e+01
5876  ,2.8589  ,19.8572  ,42.7741  ,2.60702e+01
5932  ,2.8589  ,19.8572  ,25.0899  ,2.60702e+01
4572  ,13.7334  ,22.8791  ,36.1619  ,2.60700e+01
3958  ,8.6855  ,22.6643  ,37.6978  ,2.60699e+01
2243  ,4.61567  ,21.6494  ,29.8755  ,2.60697e+01
7438  ,11.8662  ,20.8645  ,44.2674  ,2.60696e+01
7063  ,16.8744  ,20.8456  ,42.4106  ,2.60694e+01
5771  ,1.1089  ,20.6718  ,35.7742  ,2.60692e+01
6181  ,6.74  ,20.8571  ,24.7328  ,2.60691e+01
4575  ,14.7019  ,22.8694  ,34.9814  ,2.60690e+01
5144  ,16.8129  ,22.3014  ,31.8491  ,2.60689e+01
1019  ,18.9875  ,21.5585  ,31.51  ,2.60688e+01
4556  ,12.2877  ,22.6295  ,38.8614  ,2.60687e+01
5136  ,18.6316  ,21.7463  ,32.8979  ,2.60687e+01
1398  ,18.2756  ,21.9341  ,34.2859  ,2.60685e+01
6979  ,20.3589  ,20.8572  ,29.8794  ,2.60684e+01
6994  ,20.7089  ,19.8572  ,26.1952  ,2.60683e+01
6944  ,20.7089  ,19.8572  ,41.6689  ,2.60681e+01
7123  ,18.6089  ,19.8572  ,23.9847  ,2.60681e+01
7060  ,18.6089  ,19.8572  ,43.8794  ,2.60680e+01
5874  ,1.8089  ,19.8572  ,41.6689  ,2.60680e+01
5922  ,1.8089  ,19.8572  ,26.1952  ,2.60679e+01
6054  ,3.9089  ,19.8572  ,23.9847  ,2.60679e+01
5991  ,3.9089  ,19.8572  ,43.8794  ,2.60679e+01
5073  ,11.1633  ,22.7747  ,38.249  ,2.60675e+01
2441  ,13.0307  ,23.0195  ,31.6863  ,2.60674e+01
4668  ,4.31352  ,21.772  ,31.343  ,2.60673e+01
2346  ,8.21222  ,21.9587  ,40.4859  ,2.60673e+01
3202  ,7.43508  ,22.841  ,33.8944  ,2.60673e+01
7243  ,14.3947  ,20.8262  ,23.9597  ,2.60672e+01
1820  ,9.32585  ,21.8222  ,26.5199  ,2.60671e+01
7305  ,12.9162  ,20.8645  ,44.2674  ,2.60670e+01
5137  ,19.1486  ,21.6047  ,32.6714  ,2.60667e+01
6949  ,19.8619  ,20.8682  ,39.2074  ,2.60667e+01
5143  ,16.0478  ,22.5028  ,31.8515  ,2.60666e+01
2880  ,18.7926  ,21.7925  ,34.0593  ,2.60666e+01
5914  ,2.1589  ,20.7513  ,29.1426  ,2.60665e+01
3243  ,7.65351  ,22.5762  ,37.7027  ,2.60664e+01
2287  ,6.93709  ,21.8768  ,40.1167  ,2.60663e+01
3963  ,11.4961  ,22.6244  ,39.1824  ,2.60661e+01
2233  ,6.62352  ,22.0139  ,28.7011  ,2.60661e+01
4408  ,15.5899  ,22.769  ,33.9604  ,2.60657e+01
2540  ,18.1191  ,21.6356  ,29.7008  ,2.60655e+01
5070  ,9.3601  ,22.6336  ,38.668  ,2.60655e+01
5878  ,2.48289  ,20.8448  ,39.1064  ,2.60651e+01
5072  ,10.3716  ,22.7696  ,38.57  ,2.60649e+01
5996  ,4.7839  ,20.8043  ,42.1294  ,2.60649e+01
1815  ,8.58241  ,22.7111  ,29.7012  ,2.60648e+01
2426  ,10.2708  ,22.935  ,30.0579  ,2.60648e+01
1397  ,19.3096  ,21.6509  ,33.8328  ,2.60646e+01
4403  ,16.4534  ,22.5948  ,32.8696  ,2.60642e+01
2350  ,9.69797  ,21.4294  ,42.6972  ,2.60641e+01
1770  ,8.66074  ,22.9172  ,31.0237  ,2.60640e+01
6843  ,21.3873  ,20.8373  ,35.2075  ,2.60640e+01
6849  ,21.417  ,20.8457  ,33.1231  ,2.60639e+01
2415  ,13.0405  ,22.9438  ,30.5724  ,2.60639e+01
6842  ,21.417  ,20.8457  ,34.2284  ,2.60639e+01
5762  ,1.1089  ,20.6718  ,36.8794  ,2.60638e+01
7244  ,16.6255  ,20.6697  ,24.5261  ,2.60636e+01
5879  ,2.48095  ,20.684  ,39.9012  ,2.60636e+01
4565  ,13.5587  ,22.852  ,37.4008  ,2.60635e+01
702  ,15.4589  ,19.8572  ,21.7741  ,2.60634e+01
713  ,15.4589  ,19.8572  ,46.0899  ,2.60633e+01
875  ,7.0589  ,19.8572  ,46.0899  ,2.60633e+01
864  ,7.0589  ,19.8572  ,21.7741  ,2.60633e+01
4579  ,14.79  ,22.8968  ,36.1099  ,2.60633e+01
6243  ,8.80939  ,20.8686  ,44.2576  ,2.60632e+01
1204  ,14.7199  ,22.0823  ,27.698  ,2.60631e+01
3234  ,7.08508  ,22.841  ,34.9996  ,2.60629e+01
3872  ,12.3366  ,22.8431  ,29.4728  ,2.60628e+01
7520  ,11.6089  ,20.8572  ,23.2478  ,2.60628e+01
3954  ,8.3524  ,22.6118  ,38.4909  ,2.60627e+01
1441  ,2.92726  ,21.4632  ,31.5632  ,2.60626e+01
2348  ,7.96843  ,21.6991  ,41.4941  ,2.60626e+01
6182  ,7.43767  ,20.8113  ,23.9199  ,2.60625e+01
2411  ,14.4477  ,22.9796  ,31.7288  ,2.60624e+01
7183  ,15.8244  ,20.8456  ,43.5158  ,2.60621e+01
3920  ,15.621  ,21.8213  ,40.4672  ,2.60621e+01
2217  ,8.27244  ,23.0262  ,31.8216  ,2.60621e+01
4402  ,15.6883  ,22.7962  ,32.872  ,2.60619e+01
7521  ,10.5589  ,20.8572  ,23.2478  ,2.60619e+01
7132  ,17.5589  ,19.8572  ,22.8794  ,2.60617e+01
2291  ,6.69331  ,21.6172  ,41.1249  ,2.60616e+01
7061  ,17.5589  ,19.8572  ,44.9847  ,2.60616e+01
4803  ,15.6195  ,21.5508  ,26.4602  ,2.60615e+01
6063  ,4.9589  ,19.8572  ,22.8794  ,2.60615e+01
4031  ,17.9355  ,21.8618  ,37.6204  ,2.60615e+01
5993  ,4.9589  ,19.8572  ,44.9847  ,2.60615e+01
6876  ,21.7589  ,19.8572  ,27.3005  ,2.60613e+01
7427  ,10.8159  ,20.6519  ,45.1516  ,2.60612e+01
5777  ,1.0894  ,20.8951  ,33.2732  ,2.60612e+01
5769  ,1.0894  ,20.8951  ,34.3784  ,2.60612e+01
6831  ,21.7589  ,19.8572  ,40.5636  ,2.60612e+01
4850  ,6.23134  ,22.0402  ,39.0791  ,2.60611e+01
1536  ,8.11759  ,21.3832  ,42.6616  ,2.60610e+01
5802  ,0.758901  ,19.8572  ,27.3005  ,2.60610e+01
5759  ,0.758901  ,19.8572  ,40.5636  ,2.60610e+01
6866  ,22.8089  ,19.8572  ,29.511  ,2.60609e+01
7366  ,14.3147  ,20.6609  ,23.2444  ,2.60608e+01
6838  ,22.8089  ,19.8572  ,38.3531  ,2.60608e+01
5758  ,-0.2911  ,19.8572  ,38.3531  ,2.60607e+01
5787  ,-0.2911  ,19.8572  ,29.511  ,2.60606e+01
5870  ,3.59391  ,20.8694  ,40.9386  ,2.60603e+01
7369  ,12.6589  ,20.8572  ,23.2478  ,2.60602e+01
2420  ,9.40663  ,22.8464  ,29.276  ,2.60601e+01
3941  ,10.0151  ,22.1771  ,40.9447  ,2.60599e+01
3790  ,16.1569  ,22.1188  ,28.9843  ,2.60599e+01
7062  ,17.9089  ,20.7513  ,42.4057  ,2.60597e+01
3238  ,6.83211  ,22.6534  ,37.0123  ,2.60597e+01
2247  ,4.65957  ,21.6266  ,28.8038  ,2.60596e+01
4032  ,17.4621  ,21.7245  ,39.3119  ,2.60592e+01
6298  ,9.5089  ,20.8572  ,23.2478  ,2.60592e+01
2629  ,5.40082  ,21.565  ,40.3256  ,2.60591e+01
7298  ,13.8319  ,20.6552  ,44.8753  ,2.60591e+01
6848  ,21.4076  ,20.8813  ,32.0981  ,2.60589e+01
3791  ,17.2822  ,21.8526  ,28.7703  ,2.60588e+01
6835  ,21.3873  ,20.8373  ,36.3128  ,2.60586e+01
6234  ,9.76593  ,20.6519  ,45.1516  ,2.60586e+01
3219  ,2.8589  ,21.4863  ,36.1656  ,2.60585e+01
4576  ,15.7082  ,22.8772  ,34.9347  ,2.60583e+01
3233  ,7.0589  ,22.8572  ,36.1426  ,2.60583e+01
5911  ,2.1589  ,20.6718  ,28.0373  ,2.60582e+01
3856  ,13.3394  ,21.9697  ,26.5782  ,2.60580e+01
6985  ,20.3589  ,20.8572  ,28.7741  ,2.60579e+01
5919  ,3.27936  ,20.8146  ,26.9375  ,2.60579e+01
6115  ,5.8339  ,20.8043  ,43.2347  ,2.60576e+01
5142  ,16.0573  ,22.5451  ,30.738  ,2.60574e+01
7544  ,11.2589  ,19.8572  ,20.6689  ,2.60573e+01
7435  ,11.2589  ,19.8572  ,47.1952  ,2.60573e+01
6836  ,20.7176  ,21.0715  ,37.1478  ,2.60571e+01
4559  ,13.5156  ,22.8185  ,38.4893  ,2.60568e+01
1550  ,6.16882  ,21.8497  ,27.5953  ,2.60567e+01
4801  ,16.9733  ,21.7483  ,27.7709  ,2.60565e+01
5145  ,17.1825  ,22.2789  ,30.5241  ,2.60564e+01
6052  ,5.69  ,20.8571  ,24.7328  ,2.60561e+01
3443  ,7.63366  ,21.7924  ,26.5156  ,2.60559e+01
6991  ,19.6  ,20.658  ,26.6747  ,2.60557e+01
6728  ,23.8589  ,19.8572  ,33.932  ,2.60556e+01
780  ,23.8589  ,19.8572  ,35.0373  ,2.60556e+01
779  ,23.8589  ,19.8572  ,32.8268  ,2.60556e+01
2422  ,10.9366  ,23.0286  ,29.4728  ,2.60555e+01
5131  ,19.0639  ,21.6885  ,30.7253  ,2.60555e+01
941  ,-1.3411  ,19.8572  ,32.8268  ,2.60554e+01
5658  ,-1.3411  ,19.8572  ,33.932  ,2.60554e+01
942  ,-1.3411  ,19.8572  ,35.0373  ,2.60554e+01
6942  ,18.9589  ,20.8572  ,41.3005  ,2.60554e+01
6114  ,7.75939  ,20.8686  ,44.2576  ,2.60553e+01
4409  ,16.5961  ,22.7768  ,33.9137  ,2.60551e+01
4653  ,2.4957  ,21.4736  ,35.3976  ,2.60548e+01
7542  ,12.3089  ,19.8572  ,20.6689  ,2.60547e+01
7422  ,10.2089  ,19.8572  ,47.1952  ,2.60547e+01
7532  ,10.2089  ,19.8572  ,20.6689  ,2.60547e+01
7433  ,12.3089  ,19.8572  ,47.1952  ,2.60547e+01
6837  ,20.9119  ,20.8682  ,38.1022  ,2.60547e+01
5783  ,1.1089  ,20.7513  ,30.2478  ,2.60545e+01
3203  ,6.92255  ,23.0001  ,32.9069  ,2.60542e+01
4603  ,14.7872  ,22.9436  ,37.2745  ,2.60541e+01
1506  ,12.1704  ,21.8757  ,42.2627  ,2.60540e+01
2688  ,3.26964  ,21.6403  ,30.6932  ,2.60539e+01
4853  ,4.69507  ,21.7284  ,39.288  ,2.60538e+01
3950  ,8.86303  ,22.4665  ,40.1356  ,2.60538e+01
3910  ,13.3735  ,21.9633  ,41.6474  ,2.60538e+01
6855  ,21.4076  ,20.8813  ,30.9928  ,2.60536e+01
1194  ,14.5766  ,22.0508  ,41.0321  ,2.60535e+01
2410  ,14.4571  ,23.0219  ,30.6153  ,2.60532e+01
5763  ,1.43289  ,20.8448  ,38.0011  ,2.60531e+01
7245  ,15.3647  ,20.6609  ,23.2444  ,2.60530e+01
3868  ,12.3089  ,22.8043  ,28.4057  ,2.60530e+01
6841  ,22.1737  ,20.628  ,35.8433  ,2.60529e+01
6990  ,18.7255  ,20.6697  ,25.6314  ,2.60529e+01
2220  ,6.9196  ,22.9688  ,31.6094  ,2.60529e+01
1218  ,11.9589  ,21.8572  ,25.4584  ,2.60529e+01
6850  ,22.4111  ,20.5982  ,33.2493  ,2.60525e+01
6844  ,22.4111  ,20.5982  ,34.3546  ,2.60524e+01
3870  ,13.7532  ,22.9212  ,29.5157  ,2.60521e+01
6315  ,9.1589  ,19.8572  ,20.6689  ,2.60520e+01
7386  ,13.3589  ,19.8572  ,20.6689  ,2.60520e+01
7302  ,13.3589  ,19.8572  ,47.1952  ,2.60520e+01
6240  ,9.1589  ,19.8572  ,47.1952  ,2.60520e+01
3931  ,13.1467  ,22.6602  ,39.859  ,2.60518e+01
6946  ,20.0089  ,20.8572  ,40.1952  ,2.60513e+01
4858  ,6.18327  ,22.5124  ,37.9406  ,2.60513e+01
7176  ,14.8819  ,20.6552  ,44.8753  ,2.60512e+01
3882  ,14.7394  ,21.9697  ,26.5782  ,2.60511e+01
7373  ,13.3447  ,20.8262  ,22.8544  ,2.60507e+01
3785  ,10.8822  ,21.887  ,25.474  ,2.60507e+01
7118  ,17.6755  ,20.6697  ,24.5261  ,2.60506e+01
7255  ,16.5089  ,19.8572  ,21.7741  ,2.60503e+01
6867  ,22.8089  ,19.8572  ,28.4057  ,2.60503e+01
6720  ,23.8589  ,19.8572  ,36.1426  ,2.60502e+01
6736  ,23.8589  ,19.8572  ,31.7215  ,2.60502e+01
7179  ,16.5089  ,19.8572  ,46.0899  ,2.60502e+01
6830  ,22.8089  ,19.8572  ,39.4584  ,2.60502e+01
6108  ,6.0089  ,19.8572  ,46.0899  ,2.60501e+01
6190  ,6.0089  ,19.8572  ,21.7741  ,2.60501e+01
739  ,19.6589  ,19.8572  ,23.9847  ,2.60500e+01
5650  ,-1.3411  ,19.8572  ,36.1426  ,2.60500e+01
5668  ,-1.3411  ,19.8572  ,31.7215  ,2.60500e+01
5792  ,-0.2911  ,19.8572  ,28.4057  ,2.60500e+01
5757  ,-0.2911  ,19.8572  ,39.4584  ,2.60500e+01
748  ,19.6589  ,19.8572  ,43.8794  ,2.60499e+01
901  ,2.8589  ,19.8572  ,23.9847  ,2.60497e+01
910  ,2.8589  ,19.8572  ,43.8794  ,2.60497e+01
4804  ,17.0405  ,21.587  ,26.8297  ,2.60496e+01
2345  ,9.24527  ,21.4149  ,43.4374  ,2.60495e+01
7058  ,16.8744  ,20.8456  ,43.5158  ,2.60490e+01
6864  ,20.65  ,20.658  ,27.7799  ,2.60487e+01
1723  ,9.80548  ,21.9167  ,25.4897  ,2.60485e+01
5776  ,0.583901  ,20.8572  ,32.2741  ,2.60485e+01
2292  ,7.51574  ,21.6847  ,42.2344  ,2.60480e+01
6045  ,4.2434  ,20.8588  ,25.4683  ,2.60479e+01
1174  ,18.2589  ,21.8572  ,38.7215  ,2.60479e+01
5873  ,2.48095  ,20.684  ,41.0064  ,2.60479e+01
7000  ,20.7089  ,19.8572  ,25.0899  ,2.60478e+01
4233  ,3.18289  ,21.6593  ,37.2873  ,2.60478e+01
7182  ,15.8089  ,20.6718  ,44.6163  ,2.60477e+01
6834  ,22.1737  ,20.628  ,36.9486  ,2.60476e+01
4600  ,14.7442  ,22.91  ,38.363  ,2.60475e+01
5868  ,1.8089  ,19.8572  ,42.7741  ,2.60474e+01
6943  ,20.7089  ,19.8572  ,42.7741  ,2.60474e+01
4587  ,15.8297  ,22.8367  ,37.3064  ,2.60473e+01
5923  ,1.8089  ,19.8572  ,25.0899  ,2.60473e+01
1818  ,8.52834  ,22.8426  ,28.7715  ,2.60471e+01
5872  ,3.7339  ,20.8043  ,42.1294  ,2.60469e+01
4651  ,2.4762  ,21.6968  ,34.0019  ,2.60467e+01
4677  ,6.03508  ,23.0264  ,33.8944  ,2.60466e+01
3851  ,15.5533  ,23.1388  ,31.725  ,2.60465e+01
2394  ,13.2377  ,21.6644  ,42.9617  ,2.60465e+01
5153  ,18.1273  ,22.3318  ,31.5486  ,2.60464e+01
3911  ,14.4408  ,21.752  ,42.3464  ,2.60463e+01
5146  ,17.7714  ,22.5195  ,32.9366  ,2.60462e+01
2387  ,11.2717  ,21.6611  ,43.238  ,2.60460e+01
6303  ,8.48767  ,20.8113  ,22.8146  ,2.60460e+01
3857  ,16.0931  ,22.1673  ,27.8889  ,2.60460e+01
3863  ,14.8032  ,22.9212  ,29.5157  ,2.60460e+01
3880  ,13.3589  ,21.8572  ,25.4584  ,2.60459e+01
6857  ,21.4089  ,20.8572  ,29.8794  ,2.60459e+01
2417  ,10.9089  ,22.9897  ,28.4057  ,2.60457e+01
4257  ,5.54082  ,21.4998  ,41.5163  ,2.60456e+01
758  ,21.7589  ,19.8572  ,26.1952  ,2.60455e+01
4017  ,18.6442  ,22.0761  ,36.7836  ,2.60455e+01
765  ,21.7589  ,19.8572  ,41.6689  ,2.60454e+01
4676  ,6.03212  ,22.9952  ,32.5969  ,2.60453e+01
7428  ,11.8662  ,20.8645  ,45.3727  ,2.60453e+01
4028  ,17.4621  ,21.7245  ,40.4171  ,2.60452e+01
920  ,0.758901  ,19.8572  ,26.1952  ,2.60452e+01
927  ,0.758901  ,19.8572  ,41.6689  ,2.60452e+01
1548  ,3.61201  ,21.8175  ,29.8233  ,2.60452e+01
778  ,23.8589  ,19.8572  ,30.6162  ,2.60448e+01
781  ,23.8589  ,19.8572  ,37.2478  ,2.60448e+01
940  ,-1.3411  ,19.8572  ,30.6163  ,2.60446e+01
943  ,-1.3411  ,19.8572  ,37.2478  ,2.60446e+01
5990  ,4.7839  ,20.8043  ,43.2347  ,2.60445e+01
1539  ,7.40146  ,22.5052  ,39.7907  ,2.60444e+01
7384  ,14.4089  ,19.8572  ,20.6689  ,2.60441e+01
6232  ,8.1089  ,19.8572  ,47.1952  ,2.60441e+01
7300  ,14.4089  ,19.8572  ,47.1952  ,2.60440e+01
3215  ,5.99133  ,23.0264  ,35.0457  ,2.60440e+01
6828  ,20.9119  ,20.8682  ,39.2074  ,2.60440e+01
6307  ,8.1089  ,19.8572  ,20.6689  ,2.60440e+01
5138  ,20.0313  ,21.6963  ,32.4647  ,2.60439e+01
5791  ,1.1089  ,20.7513  ,29.1426  ,2.60438e+01
6851  ,22.4589  ,20.6718  ,32.0899  ,2.60438e+01
7130  ,18.6089  ,19.8572  ,22.8794  ,2.60436e+01
5986  ,3.9089  ,19.8572  ,44.9847  ,2.60433e+01
7059  ,18.6089  ,19.8572  ,44.9847  ,2.60433e+01
6055  ,3.9089  ,19.8572  ,22.8794  ,2.60432e+01
5785  ,0.583901  ,20.8572  ,31.1689  ,2.60431e+01
4860  ,3.58405  ,21.7038  ,38.561  ,2.60430e+01
7299  ,12.9162  ,20.8645  ,45.3727  ,2.60427e+01
5754  ,1.43289  ,20.8448  ,39.1064  ,2.60425e+01
5918  ,2.1589  ,20.6718  ,26.932  ,2.60425e+01
2421  ,9.35256  ,22.978  ,28.3464  ,2.60423e+01
4011  ,18.9759  ,22.1099  ,35.6669  ,2.60422e+01
1707  ,19.1403  ,21.8184  ,29.9407  ,2.60421e+01
2221  ,7.64434  ,23.0678  ,29.8999  ,2.60420e+01
3943  ,11.5888  ,22.4089  ,41.4855  ,2.60419e+01
3822  ,20.1627  ,21.7341  ,34.6053  ,2.60418e+01
3804  ,20.1923  ,21.7425  ,33.6261  ,2.60418e+01
5768  ,0.0709124  ,20.709  ,35.7961  ,2.60418e+01
6939  ,18.9589  ,20.7513  ,42.4057  ,2.60417e+01
3945  ,12.7919  ,22.4964  ,40.8703  ,2.60416e+01
6113  ,6.40616  ,20.8895  ,44.2262  ,2.60416e+01
4405  ,17.4118  ,22.8129  ,33.957  ,2.60415e+01
4555  ,16.1065  ,23.0534  ,36.3616  ,2.60414e+01
3445  ,6.29496  ,21.8533  ,26.5381  ,2.60414e+01
3921  ,16.4276  ,21.7129  ,41.5273  ,2.60413e+01
5755  ,1.43095  ,20.684  ,39.9012  ,2.60409e+01
2245  ,4.93432  ,21.8108  ,27.6376  ,2.60408e+01
4582  ,15.7866  ,22.8031  ,38.3949  ,2.60406e+01
6180  ,6.67843  ,20.808  ,23.2568  ,2.60405e+01
4012  ,19.4929  ,21.9684  ,35.4403  ,2.60403e+01
4658  ,5.37914  ,22.8236  ,31.7707  ,2.60400e+01
3932  ,14.3746  ,22.8492  ,39.487  ,2.60400e+01
2226  ,7.25604  ,23.1768  ,30.6978  ,2.60400e+01
2357  ,8.84441  ,22.2719  ,41.674  ,2.60400e+01
7119  ,16.4147  ,20.6609  ,23.2444  ,2.60400e+01
1779  ,11.2589  ,22.8043  ,27.3005  ,2.60399e+01
2290  ,7.15767  ,22.2457  ,40.7989  ,2.60397e+01
4681  ,5.33696  ,22.9774  ,33.2132  ,2.60394e+01
3214  ,5.96515  ,23.0427  ,36.1886  ,2.60394e+01
7055  ,17.9089  ,20.7513  ,43.511  ,2.60393e+01
1504  ,14.305  ,21.4532  ,43.6607  ,2.60390e+01
1200  ,14.7589  ,21.8572  ,25.4584  ,2.60389e+01
3889  ,12.3089  ,22.8043  ,27.3005  ,2.60389e+01
5132  ,20.0219  ,21.7319  ,31.4397  ,2.60389e+01
6236  ,8.80939  ,20.8686  ,45.3629  ,2.60388e+01
6858  ,22.4589  ,20.6718  ,30.9847  ,2.60384e+01
7528  ,11.6089  ,20.8572  ,22.1426  ,2.60384e+01
3875  ,13.6894  ,22.9697  ,28.4203  ,2.60383e+01
6188  ,7.43767  ,20.8113  ,22.8146  ,2.60381e+01
2700  ,2.17358  ,21.698  ,32.6414  ,2.60381e+01
1493  ,12.1082  ,23.7156  ,31.3178  ,2.60381e+01
1522  ,10.373  ,21.4466  ,44.2133  ,2.60380e+01
3858  ,15.7892  ,22.8948  ,29.5793  ,2.60376e+01
7530  ,10.5589  ,20.8572  ,22.1426  ,2.60375e+01
3787  ,12.6447  ,21.8262  ,24.6965  ,2.60375e+01
6833  ,22.0907  ,20.6982  ,37.9991  ,2.60374e+01
3850  ,15.5628  ,23.1811  ,30.6115  ,2.60374e+01
6716  ,22.4373  ,20.8373  ,35.2075  ,2.60373e+01
3441  ,8.11329  ,21.8868  ,25.4853  ,2.60373e+01
720  ,17.5589  ,19.8572  ,21.7741  ,2.60372e+01
2628  ,5.86518  ,22.1934  ,39.9995  ,2.60372e+01
731  ,17.5589  ,19.8572  ,46.0899  ,2.60370e+01
882  ,4.9589  ,19.8572  ,21.7741  ,2.60370e+01
893  ,4.9589  ,19.8572  ,46.0899  ,2.60369e+01
2690  ,2.19308  ,21.5542  ,30.7213  ,2.60368e+01
3859  ,16.9145  ,22.6286  ,29.3653  ,2.60365e+01
7374  ,14.3147  ,20.6609  ,22.1392  ,2.60365e+01
4548  ,17.0247  ,23.0338  ,35.1864  ,2.60365e+01
4661  ,4.98613  ,22.6831  ,30.9195  ,2.60365e+01
1821  ,9.70256  ,22.7925  ,27.2411  ,2.60365e+01
5760  ,0.0709124  ,20.709  ,36.9013  ,2.60364e+01
7262  ,15.4589  ,19.8572  ,20.6689  ,2.60362e+01
7180  ,15.4589  ,19.8572  ,47.1952  ,2.60361e+01
6200  ,7.0589  ,19.8572  ,20.6689  ,2.60360e+01
6110  ,7.0589  ,19.8572  ,47.1952  ,2.60360e+01
5778  ,0.0541605  ,20.8869  ,33.2367  ,2.60360e+01
5770  ,0.0541605  ,20.8869  ,34.342  ,2.60360e+01
7376  ,12.6589  ,20.8572  ,22.1426  ,2.60358e+01
3222  ,4.91515  ,22.8572  ,35.8432  ,2.60358e+01
2445  ,11.6617  ,23.8791  ,32.5328  ,2.60357e+01
6940  ,20.0089  ,20.8572  ,41.3005  ,2.60356e+01
5789  ,1.1089  ,20.6718  ,28.0373  ,2.60355e+01
3789  ,18.3034  ,22.0354  ,29.0102  ,2.60355e+01
6863  ,21.4089  ,20.8572  ,28.7741  ,2.60352e+01
4684  ,5.3323  ,23.0447  ,34.2632  ,2.60352e+01
2246  ,3.65591  ,21.7947  ,28.7515  ,2.60351e+01
1537  ,6.91389  ,21.9861  ,41.8071  ,2.60350e+01
6304  ,9.5089  ,20.8572  ,22.1426  ,2.60348e+01
4390  ,13.0682  ,23.779  ,32.4243  ,2.60348e+01
7057  ,16.8589  ,20.6718  ,44.6163  ,2.60347e+01
3236  ,7.35338  ,22.9774  ,38.6522  ,2.60346e+01
1096  ,12.6589  ,23.8572  ,35.7742  ,2.60345e+01
6874  ,22.8089  ,19.8572  ,27.3005  ,2.60345e+01
6829  ,22.8089  ,19.8572  ,40.5636  ,2.60342e+01
5752  ,-0.2911  ,19.8572  ,40.5636  ,2.60342e+01
6743  ,23.8589  ,19.8572  ,29.511  ,2.60341e+01
4673  ,4.68398  ,22.8058  ,32.387  ,2.60341e+01
6712  ,23.8589  ,19.8572  ,38.3531  ,2.60341e+01
5793  ,-0.2911  ,19.8572  ,27.3005  ,2.60340e+01
4567  ,11.937  ,23.95  ,34.761  ,2.60339e+01
5643  ,-1.3411  ,19.8572  ,38.3531  ,2.60339e+01
5673  ,-1.3411  ,19.8572  ,29.511  ,2.60339e+01
4035  ,18.2589  ,21.8572  ,39.8268  ,2.60339e+01
1636  ,11.2152  ,24.0427  ,33.7478  ,2.60333e+01
4570  ,13.3436  ,23.8499  ,34.6525  ,2.60330e+01
5141  ,18.2037  ,22.4617  ,30.7639  ,2.60330e+01
6869  ,20.65  ,20.658  ,26.6747  ,2.60330e+01
4568  ,11.3043  ,23.9037  ,35.7736  ,2.60328e+01
3917  ,15.3833  ,21.9424  ,42.0922  ,2.60327e+01
4386  ,12.6217  ,23.9426  ,33.6394  ,2.60324e+01
6996  ,18.7255  ,20.6697  ,24.5261  ,2.60324e+01
3247  ,10.5824  ,23.9964  ,34.7604  ,2.60322e+01
3866  ,14.7394  ,22.9697  ,28.4203  ,2.60321e+01
1983  ,9.83702  ,23.95  ,33.6557  ,2.60320e+01
4583  ,17.2318  ,22.8194  ,37.2913  ,2.60320e+01
2267  ,5.6039  ,22.7796  ,29.5534  ,2.60319e+01
4033  ,18.9676  ,22.0715  ,37.8847  ,2.60319e+01
1185  ,9.36929  ,23.6256  ,37.5038  ,2.60318e+01
1124  ,14.0282  ,23.8425  ,33.5309  ,2.60315e+01
3959  ,9.6595  ,23.7879  ,36.6384  ,2.60314e+01
4508  ,19.3407  ,21.6386  ,28.5474  ,2.60313e+01
1314  ,9.94971  ,23.9501  ,35.773  ,2.60311e+01
4856  ,5.31632  ,22.9017  ,37.1169  ,2.60310e+01
3949  ,8.05227  ,23.013  ,39.4404  ,2.60309e+01
3246  ,9.20431  ,23.9037  ,34.6683  ,2.60309e+01
6107  ,7.75939  ,20.8686  ,45.3629  ,2.60309e+01
1637  ,8.4589  ,23.8572  ,33.5636  ,2.60308e+01
5162  ,8.81096  ,21.841  ,24.6724  ,2.60307e+01
1822  ,8.3232  ,22.7746  ,27.267  ,2.60306e+01
3877  ,14.0447  ,21.8262  ,24.6965  ,2.60305e+01
665  ,11.2589  ,19.8572  ,19.5636  ,2.60302e+01
678  ,11.2589  ,19.8572  ,48.3005  ,2.60302e+01
2450  ,11.043  ,23.9128  ,31.4043  ,2.60301e+01
2591  ,12.322  ,21.8738  ,43.459  ,2.60301e+01
1456  ,4.32891  ,21.8816  ,40.2084  ,2.60299e+01
5921  ,3.1934  ,20.8588  ,25.4683  ,2.60299e+01
4584  ,16.7584  ,22.6821  ,38.9827  ,2.60298e+01
2703  ,8.28874  ,21.6315  ,43.6487  ,2.60297e+01
1187  ,11.0072  ,22.9421  ,40.7084  ,2.60297e+01
1325  ,1.4589  ,21.4863  ,36.511  ,2.60297e+01
5764  ,0.375264  ,20.6573  ,38.6907  ,2.60297e+01
6856  ,22.4589  ,20.6718  ,29.8794  ,2.60295e+01
4044  ,19.1619  ,21.8682  ,38.839  ,2.60295e+01
4666  ,3.94271  ,22.6729  ,33.0977  ,2.60294e+01
1217  ,17.4664  ,22.2523  ,28.0797  ,2.60288e+01
6826  ,21.0589  ,20.8572  ,40.1952  ,2.60287e+01
7251  ,15.3647  ,20.6609  ,22.1392  ,2.60286e+01
5989  ,5.35616  ,20.8895  ,44.2262  ,2.60285e+01
2286  ,6.01504  ,22.2611  ,40.8574  ,2.60283e+01
3957  ,8.3373  ,23.5375  ,37.5087  ,2.60283e+01
2683  ,2.53546  ,21.7314  ,29.8513  ,2.60281e+01
4573  ,12.4842  ,23.8301  ,37.0131  ,2.60280e+01
4690  ,4.63419  ,22.9957  ,33.582  ,2.60280e+01
5664  ,0.0589011  ,20.7513  ,30.2478  ,2.60278e+01
4580  ,13.7155  ,23.8749  ,35.7221  ,2.60278e+01
2431  ,10.5964  ,24.0764  ,32.6193  ,2.60277e+01
5139  ,18.9417  ,22.51  ,32.0793  ,2.60276e+01
6051  ,4.2434  ,20.8588  ,24.363  ,2.60276e+01
7540  ,10.2089  ,19.8572  ,19.5636  ,2.60275e+01
7421  ,10.2089  ,19.8572  ,48.3005  ,2.60275e+01
5121  ,18.5857  ,22.6978  ,33.4673  ,2.60275e+01
7424  ,12.3089  ,19.8572  ,48.3005  ,2.60275e+01
7543  ,12.3089  ,19.8572  ,19.5636  ,2.60275e+01
6050  ,5.62843  ,20.808  ,23.2568  ,2.60274e+01
7001  ,20.7089  ,19.8572  ,23.9847  ,2.60271e+01
4659  ,5.71558  ,23.0315  ,30.8591  ,2.60271e+01
3924  ,16.1799  ,21.8934  ,25.8279  ,2.60270e+01
6937  ,20.7089  ,19.8572  ,43.8794  ,2.60269e+01
3878  ,16.2755  ,21.6697  ,25.263  ,2.60269e+01
4687  ,4.25613  ,22.8756  ,35.0608  ,2.60269e+01
3956  ,8.56409  ,23.7414  ,36.639  ,2.60269e+01
4590  ,15.7597  ,22.8492  ,39.4814  ,2.60268e+01
2446  ,13.0875  ,23.8871  ,31.3297  ,2.60268e+01
6827  ,22.0907  ,20.6982  ,39.1044  ,2.60268e+01
5930  ,1.8089  ,19.8572  ,23.9847  ,2.60268e+01
5867  ,1.8089  ,19.8572  ,43.8794  ,2.60268e+01
5782  ,0.222963  ,20.6519  ,29.2232  ,2.60267e+01
4563  ,10.8394  ,23.7143  ,37.8779  ,2.60266e+01
3248  ,8.85431  ,23.9037  ,35.7736  ,2.60265e+01
2430  ,9.2183  ,23.9837  ,32.5272  ,2.60265e+01
3232  ,8.1089  ,23.8572  ,34.6689  ,2.60264e+01
5866  ,3.7339  ,20.8043  ,43.2347  ,2.60264e+01
6714  ,23.2237  ,20.628  ,35.8433  ,2.60263e+01
4574  ,14.4002  ,23.8675  ,34.6005  ,2.60263e+01
4557  ,11.1296  ,23.8766  ,37.0125  ,2.60263e+01
6727  ,24.9089  ,19.8572  ,32.8268  ,2.60262e+01
6719  ,24.9089  ,19.8572  ,35.0373  ,2.60262e+01
4546  ,17.5087  ,23.036  ,36.3464  ,2.60262e+01
6726  ,24.9089  ,19.8572  ,33.932  ,2.60261e+01
1281  ,6.42111  ,21.8569  ,25.481  ,2.60261e+01
5656  ,-2.3911  ,19.8572  ,32.8268  ,2.60260e+01
5648  ,-2.3911  ,19.8572  ,35.0373  ,2.60260e+01
7246  ,15.7097  ,21.3346  ,23.6707  ,2.60260e+01
5649  ,-2.3911  ,19.8572  ,33.932  ,2.60260e+01
6717  ,23.4611  ,20.5982  ,34.3546  ,2.60258e+01
6723  ,23.4611  ,20.5982  ,33.2493  ,2.60258e+01
3874  ,12.3836  ,23.7864  ,30.2302  ,2.60257e+01
4562  ,11.6583  ,23.3725  ,39.4802  ,2.60256e+01
3446  ,5.06046  ,21.8144  ,26.5804  ,2.60255e+01
5122  ,19.1027  ,22.5562  ,33.2407  ,2.60255e+01
1985  ,20.0984  ,21.8619  ,30.655  ,2.60255e+01
3915  ,15.2475  ,21.6436  ,43.4065  ,2.60255e+01
2223  ,7.43921  ,22.9998  ,28.3953  ,2.60254e+01
2355  ,8.39171  ,22.2574  ,42.4143  ,2.60254e+01
2694  ,1.66808  ,21.6602  ,31.6424  ,2.60254e+01
7008  ,19.6589  ,19.8572  ,22.8794  ,2.60253e+01
6938  ,19.6589  ,19.8572  ,44.9847  ,2.60251e+01
5749  ,1.43095  ,20.684  ,41.0064  ,2.60251e+01
1546  ,3.69981  ,21.7719  ,27.6798  ,2.60250e+01
5940  ,2.8589  ,19.8572  ,22.8794  ,2.60250e+01
5869  ,2.8589  ,19.8572  ,44.9847  ,2.60250e+01
845  ,9.1589  ,19.8572  ,19.5636  ,2.60249e+01
6053  ,4.54718  ,20.6113  ,23.3812  ,2.60249e+01
6883  ,21.7589  ,19.8572  ,25.0899  ,2.60249e+01
696  ,13.3589  ,19.8572  ,48.3005  ,2.60248e+01
1316  ,7.30531  ,23.4495  ,37.5136  ,2.60248e+01
858  ,9.1589  ,19.8572  ,48.3005  ,2.60248e+01
5871  ,2.51288  ,20.8085  ,42.09  ,2.60248e+01
683  ,13.3589  ,19.8572  ,19.5636  ,2.60247e+01
6824  ,21.7589  ,19.8572  ,42.7741  ,2.60247e+01
4513  ,18.5037  ,21.8555  ,27.6169  ,2.60246e+01
3962  ,9.03619  ,23.5732  ,38.297  ,2.60246e+01
5753  ,0.758901  ,19.8572  ,42.7741  ,2.60245e+01
5809  ,0.758901  ,19.8572  ,25.0899  ,2.60245e+01
3893  ,13.6894  ,22.9697  ,27.315  ,2.60242e+01
3966  ,10.0477  ,23.7092  ,38.199  ,2.60240e+01
1018  ,17.2671  ,23.105  ,31.5872  ,2.60239e+01
3862  ,15.7254  ,22.9433  ,28.4839  ,2.60237e+01
3955  ,9.85514  ,23.2314  ,39.8993  ,2.60236e+01
4388  ,14.0475  ,23.9506  ,32.4363  ,2.60236e+01
777  ,23.8589  ,19.8572  ,28.4057  ,2.60235e+01
3240  ,7.5321  ,23.6534  ,36.6439  ,2.60234e+01
782  ,23.8589  ,19.8572  ,39.4584  ,2.60234e+01
7177  ,15.8089  ,20.6718  ,45.7215  ,2.60233e+01
4688  ,3.89293  ,22.8628  ,34.2928  ,2.60232e+01
939  ,-1.3411  ,19.8572  ,28.4057  ,2.60232e+01
944  ,-1.3411  ,19.8572  ,39.4584  ,2.60232e+01
7260  ,16.5089  ,19.8572  ,20.6689  ,2.60231e+01
4407  ,15.2881  ,23.7672  ,33.5795  ,2.60231e+01
3964  ,10.8667  ,23.3674  ,39.8013  ,2.60230e+01
4543  ,17.8404  ,23.0699  ,35.2297  ,2.60229e+01
6102  ,6.0089  ,19.8572  ,47.1952  ,2.60229e+01
7178  ,16.5089  ,19.8572  ,47.1952  ,2.60228e+01
6191  ,6.0089  ,19.8572  ,20.6689  ,2.60228e+01
2263  ,6.33335  ,23.128  ,29.493  ,2.60226e+01
3978  ,11.9589  ,21.8572  ,23.9847  ,2.60226e+01
2593  ,13.3893  ,21.6625  ,44.1581  ,2.60225e+01
7426  ,11.9589  ,20.8043  ,46.4584  ,2.60224e+01
4777  ,17.9697  ,22.5706  ,29.3597  ,2.60224e+01
7529  ,10.9116  ,20.6486  ,21.0402  ,2.60222e+01
1495  ,9.97769  ,24.1101  ,31.4908  ,2.60222e+01
1512  ,13.3305  ,21.7951  ,23.9346  ,2.60221e+01
2590  ,11.4232  ,21.6592  ,44.4344  ,2.60221e+01
1317  ,7.7589  ,23.8572  ,35.7742  ,2.60220e+01
3923  ,17.5337  ,22.091  ,27.1386  ,2.60220e+01
7429  ,10.5504  ,20.7946  ,46.4936  ,2.60220e+01
2389  ,10.4181  ,22.5037  ,42.2148  ,2.60219e+01
5653  ,-0.466099  ,20.8572  ,32.2741  ,2.60218e+01
5169  ,10.9089  ,21.8572  ,23.9847  ,2.60217e+01
3197  ,1.4394  ,21.7096  ,35.1153  ,2.60216e+01
1097  ,12.3095  ,23.803  ,38.252  ,2.60215e+01
6932  ,18.9589  ,20.7513  ,43.511  ,2.60211e+01
3953  ,8.0042  ,23.4851  ,38.3019  ,2.60211e+01
1095  ,14.7722  ,23.8925  ,35.6701  ,2.60210e+01
6709  ,23.2237  ,20.628  ,36.9486  ,2.60209e+01
6734  ,24.9089  ,19.8572  ,31.7215  ,2.60208e+01
6718  ,24.9089  ,19.8572  ,36.1426  ,2.60208e+01
4664  ,3.6401  ,22.674  ,31.7372  ,2.60207e+01
3933  ,14.302  ,22.9577  ,40.6397  ,2.60207e+01
5657  ,-2.3911  ,19.8572  ,31.7215  ,2.60206e+01
5642  ,-2.3911  ,19.8572  ,36.1426  ,2.60206e+01
1104  ,19.5411  ,21.4588  ,27.1541  ,2.60204e+01
7297  ,14.0595  ,20.6742  ,46.4597  ,2.60203e+01
3786  ,11.2589  ,22.8572  ,26.1952  ,2.60200e+01
3217  ,3.9089  ,22.6718  ,36.9024  ,2.60200e+01
1175  ,18.2589  ,21.8572  ,40.932  ,2.60199e+01
7296  ,13.0089  ,20.8043  ,46.4584  ,2.60198e+01
2239  ,2.53546  ,21.6519  ,28.7461  ,2.60197e+01
5795  ,1.1089  ,20.6718  ,26.932  ,2.60197e+01
6302  ,9.86164  ,20.6486  ,21.0402  ,2.60196e+01
5167  ,9.83219  ,21.887  ,24.0003  ,2.60195e+01
5164  ,7.11878  ,21.8111  ,24.668  ,2.60195e+01
6237  ,9.5004  ,20.7946  ,46.4936  ,2.60193e+01
5149  ,16.9076  ,23.3984  ,32.6077  ,2.60193e+01
7527  ,12.3526  ,20.7248  ,21.1755  ,2.60191e+01
1211  ,21.0157  ,21.8173  ,35.3777  ,2.60191e+01
5756  ,0.375264  ,20.6573  ,39.796  ,2.60191e+01
3892  ,12.3089  ,22.8572  ,26.1952  ,2.60191e+01
4229  ,3.21789  ,21.857  ,39.4814  ,2.60191e+01
3825  ,21.0454  ,21.8257  ,34.3986  ,2.60190e+01
4258  ,5.7614  ,21.8687  ,42.1985  ,2.60190e+01
4232  ,1.78289  ,21.6593  ,37.6327  ,2.60189e+01
4805  ,16.6215  ,22.5101  ,27.1408  ,2.60189e+01
7131  ,18.6089  ,19.8572  ,21.7741  ,2.60189e+01
1214  ,21.0751  ,21.8341  ,33.4194  ,2.60189e+01
4564  ,11.5178  ,23.7979  ,38.5731  ,2.60189e+01
6862  ,22.4589  ,20.6718  ,28.7741  ,2.60189e+01
7053  ,18.6089  ,19.8572  ,46.0899  ,2.60187e+01
6061  ,3.9089  ,19.8572  ,21.7741  ,2.60186e+01
4605  ,13.7127  ,23.9217  ,36.8868  ,2.60186e+01
6875  ,22.8089  ,19.8572  ,26.1952  ,2.60186e+01
5985  ,3.9089  ,19.8572  ,46.0899  ,2.60186e+01
2448  ,10.9836  ,23.9719  ,30.2302  ,2.60185e+01
4585  ,17.5552  ,22.8148  ,38.3923  ,2.60184e+01
6823  ,22.8089  ,19.8572  ,41.6689  ,2.60184e+01
2704  ,9.41642  ,21.6632  ,44.4245  ,2.60183e+01
5751  ,-0.2911  ,19.8572  ,41.6689  ,2.60182e+01
5800  ,-0.2911  ,19.8572  ,26.1952  ,2.60182e+01
5988  ,4.43641  ,20.7311  ,44.4192  ,2.60182e+01
1780  ,10.1822  ,22.887  ,26.2109  ,2.60178e+01
4577  ,15.6601  ,23.7921  ,34.6491  ,2.60178e+01
4514  ,18.571  ,21.6942  ,26.6758  ,2.60178e+01
3635  ,20.0996  ,21.8378  ,29.5416  ,2.60178e+01
4854  ,5.47185  ,22.8857  ,39.024  ,2.60177e+01
2218  ,7.94637  ,24.0163  ,32.5761  ,2.60176e+01
4509  ,18.6666  ,21.4704  ,26.1109  ,2.60176e+01
4016  ,20.346  ,22.0516  ,36.2128  ,2.60175e+01
1186  ,8.70309  ,23.5207  ,39.0901  ,2.60175e+01
4265  ,3.21595  ,21.6961  ,40.2762  ,2.60175e+01
2877  ,18.5555  ,22.9732  ,34.3993  ,2.60174e+01
6105  ,6.40616  ,20.8895  ,45.3315  ,2.60171e+01
2353  ,8.03365  ,22.8185  ,40.9788  ,2.60171e+01
6725  ,23.5089  ,20.6718  ,32.0899  ,2.60171e+01
7385  ,14.4089  ,19.8572  ,19.5636  ,2.60169e+01
3965  ,9.71462  ,23.6568  ,38.9921  ,2.60169e+01
7294  ,14.4089  ,19.8572  ,48.3005  ,2.60168e+01
6313  ,8.1089  ,19.8572  ,19.5636  ,2.60168e+01
6231  ,8.1089  ,19.8572  ,48.3005  ,2.60168e+01
7375  ,13.4026  ,20.7248  ,21.1755  ,2.60165e+01
6941  ,20.0089  ,20.8572  ,42.4057  ,2.60165e+01
4260  ,4.46891  ,21.8164  ,41.3992  ,2.60164e+01
5665  ,-0.466099  ,20.8572  ,31.1689  ,2.60164e+01
1184  ,10.7262  ,23.7928  ,38.8941  ,2.60163e+01
5790  ,0.222963  ,20.6519  ,28.1179  ,2.60161e+01
6186  ,6.67843  ,20.808  ,22.1515  ,2.60160e+01
4592  ,16.7315  ,22.7281  ,40.0692  ,2.60160e+01
2231  ,6.9845  ,22.8356  ,27.2895  ,2.60160e+01
2466  ,6.9355  ,21.6525  ,43.6173  ,2.60160e+01
1177  ,19.6762  ,22.2858  ,37.0478  ,2.60160e+01
4027  ,17.2244  ,21.8456  ,42.0422  ,2.60159e+01
1499  ,14.0668  ,24.0586  ,31.3417  ,2.60156e+01
2878  ,19.0724  ,22.8317  ,34.1727  ,2.60155e+01
4043  ,19.1619  ,21.8682  ,39.9443  ,2.60155e+01
7125  ,16.4147  ,20.6609  ,22.1392  ,2.60155e+01
6711  ,24.9089  ,19.8572  ,37.2478  ,2.60154e+01
6735  ,24.9089  ,19.8572  ,30.6162  ,2.60154e+01
2427  ,9.09407  ,24.0338  ,30.7418  ,2.60153e+01
5666  ,-2.3911  ,19.8572  ,30.6163  ,2.60152e+01
5641  ,-2.3911  ,19.8572  ,37.2478  ,2.60152e+01
4852  ,4.31007  ,22.7162  ,38.1761  ,2.60152e+01
5644  ,-0.979088  ,20.709  ,35.7961  ,2.60151e+01
1191  ,17.6009  ,21.9297  ,26.1974  ,2.60151e+01
3922  ,17.6966  ,21.7059  ,25.6325  ,2.60150e+01
1511  ,17.7922  ,21.4821  ,25.0676  ,2.60149e+01
3221  ,3.23938  ,22.6568  ,35.7873  ,2.60146e+01
1121  ,16.548  ,23.6918  ,33.6281  ,2.60146e+01
3871  ,13.3628  ,23.9579  ,30.2421  ,2.60145e+01
2356  ,9.5194  ,22.2891  ,43.1902  ,2.60139e+01
3802  ,21.0657  ,21.8697  ,32.3944  ,2.60139e+01
1438  ,1.4199  ,21.9329  ,33.7196  ,2.60136e+01
4041  ,19.8705  ,22.0825  ,38.0021  ,2.60135e+01
3907  ,18.2598  ,22.8782  ,37.2771  ,2.60135e+01
1201  ,12.6589  ,23.8572  ,29.1426  ,2.60134e+01
2432  ,8.70577  ,24.1428  ,31.5397  ,2.60133e+01
2265  ,5.87864  ,22.9638  ,28.3872  ,2.60132e+01
6235  ,8.57291  ,20.8021  ,46.5213  ,2.60130e+01
7120  ,16.7597  ,21.3346  ,23.6707  ,2.60129e+01
6820  ,21.0589  ,20.8572  ,41.3005  ,2.60129e+01
1016  ,7.81645  ,21.7653  ,23.8551  ,2.60128e+01
3897  ,14.7331  ,23.0796  ,27.258  ,2.60128e+01
6832  ,23.1149  ,20.6564  ,37.9556  ,2.60124e+01
2354  ,7.78986  ,22.5589  ,41.9871  ,2.60124e+01
7175  ,15.1095  ,20.6742  ,46.4597  ,2.60124e+01
4604  ,13.538  ,23.8946  ,38.1257  ,2.60121e+01
3895  ,13.7089  ,22.8572  ,26.1952  ,2.60121e+01
4660  ,3.98247  ,22.8512  ,30.8672  ,2.60120e+01
1813  ,8.80283  ,22.8691  ,26.2367  ,2.60120e+01
1193  ,16.1899  ,21.834  ,43.1523  ,2.60119e+01
4606  ,14.7694  ,23.9393  ,36.8347  ,2.60119e+01
6732  ,23.5089  ,20.6718  ,30.9847  ,2.60117e+01
2400  ,15.2319  ,21.4698  ,44.5069  ,2.60111e+01
1173  ,20.0649  ,21.8792  ,38.9565  ,2.60111e+01
5140  ,18.7594  ,22.9442  ,31.5193  ,2.60111e+01
4655  ,2.87618  ,22.644  ,35.0193  ,2.60110e+01
1442  ,1.4589  ,21.6453  ,29.8794  ,2.60110e+01
2433  ,9.91829  ,24.1691  ,30.3167  ,2.60105e+01
7056  ,17.9089  ,20.8572  ,44.6163  ,2.60103e+01
7051  ,16.8589  ,20.6718  ,45.7215  ,2.60101e+01
4674  ,7.0589  ,24.0427  ,33.5636  ,2.60101e+01
7140  ,17.5589  ,19.8572  ,20.6689  ,2.60098e+01
3942  ,9.83651  ,23.0369  ,41.4377  ,2.60098e+01
5637  ,-0.979088  ,20.709  ,36.9013  ,2.60097e+01
2244  ,2.57936  ,21.6291  ,27.6744  ,2.60096e+01
7054  ,17.5589  ,19.8572  ,47.1952  ,2.60096e+01
6070  ,4.9589  ,19.8572  ,20.6689  ,2.60096e+01
5987  ,4.9589  ,19.8572  ,47.1952  ,2.60095e+01
5928  ,3.1934  ,20.8588  ,24.363  ,2.60094e+01
5654  ,-0.99584  ,20.8869  ,33.2367  ,2.60093e+01
7121  ,17.9119  ,20.8835  ,23.2614  ,2.60093e+01
5645  ,-0.99584  ,20.8869  ,34.342  ,2.60093e+01
701  ,15.4589  ,19.8572  ,19.5636  ,2.60090e+01
1634  ,21.0564  ,21.9053  ,31.3694  ,2.60089e+01
6992  ,20.3589  ,20.8572  ,25.4584  ,2.60089e+01
714  ,15.4589  ,19.8572  ,48.3005  ,2.60088e+01
876  ,7.0589  ,19.8572  ,48.3005  ,2.60088e+01
863  ,7.0589  ,19.8572  ,19.5636  ,2.60088e+01
3946  ,12.5173  ,23.4033  ,40.4778  ,2.60088e+01
7253  ,14.4527  ,20.7248  ,21.1755  ,2.60085e+01
1741  ,8.21046  ,23.9575  ,29.9928  ,2.60084e+01
3926  ,15.7414  ,22.9291  ,27.2588  ,2.60084e+01
3864  ,14.4128  ,23.9579  ,30.2421  ,2.60083e+01
1146  ,2.10687  ,21.8324  ,38.7544  ,2.60082e+01
3934  ,12.2998  ,23.0684  ,41.8404  ,2.60082e+01
3821  ,21.8021  ,21.6081  ,36.0135  ,2.60080e+01
5920  ,2.1588  ,20.8674  ,25.4501  ,2.60079e+01
2376  ,14.3005  ,21.6298  ,23.2194  ,2.60079e+01
3937  ,13.5029  ,23.156  ,41.2251  ,2.60079e+01
4391  ,15.1532  ,24.1098  ,32.4325  ,2.60077e+01
6750  ,23.8589  ,19.8572  ,27.3005  ,2.60076e+01
3831  ,22.0396  ,21.5783  ,34.5248  ,2.60075e+01
4591  ,15.6871  ,22.9576  ,40.6341  ,2.60075e+01
2266  ,4.60024  ,22.9477  ,29.5012  ,2.60075e+01
3828  ,22.0692  ,21.5867  ,33.5457  ,2.60074e+01
6706  ,23.8589  ,19.8572  ,40.5636  ,2.60074e+01
5636  ,-1.3411  ,19.8572  ,40.5636  ,2.60072e+01
5680  ,-1.3411  ,19.8572  ,27.3005  ,2.60072e+01
3974  ,12.6447  ,21.8262  ,23.2228  ,2.60072e+01
3876  ,13.7089  ,23.8572  ,29.1426  ,2.60072e+01
4512  ,20.3  ,21.658  ,28.1484  ,2.60069e+01
2284  ,7.14325  ,23.059  ,40.5434  ,2.60068e+01
5929  ,3.49718  ,20.6113  ,23.3812  ,2.60067e+01
4267  ,2.10493  ,21.6715  ,39.5492  ,2.60066e+01
3860  ,17.0987  ,23.0283  ,28.6747  ,2.60065e+01
2216  ,7.82215  ,24.0665  ,30.7907  ,2.60065e+01
4010  ,21.1323  ,21.8423  ,36.8485  ,2.60065e+01
2285  ,6.4794  ,22.8895  ,40.5313  ,2.60063e+01
6305  ,8.88945  ,20.974  ,21.3312  ,2.60062e+01
4024  ,18.2589  ,21.7513  ,42.0373  ,2.60061e+01
3873  ,11.2589  ,24.0427  ,29.1426  ,2.60061e+01
1464  ,12.4735  ,21.8718  ,44.6554  ,2.60061e+01
4679  ,6.7089  ,24.0427  ,34.6689  ,2.60057e+01
5761  ,-0.546853  ,20.8455  ,37.7962  ,2.60054e+01
5151  ,18.0815  ,23.2832  ,32.1179  ,2.60052e+01
6106  ,7.52291  ,20.8021  ,46.5213  ,2.60051e+01
1141  ,2.10299  ,21.5107  ,40.3439  ,2.60050e+01
6741  ,24.9089  ,19.8572  ,29.511  ,2.60047e+01
4596  ,17.5283  ,22.8608  ,39.4788  ,2.60047e+01
6865  ,22.4589  ,20.6718  ,27.6689  ,2.60047e+01
4560  ,13.1684  ,23.8338  ,39.2496  ,2.60047e+01
9787  ,11.6836  ,24.7864  ,32.0723  ,2.60046e+01
6710  ,24.9089  ,19.8572  ,38.3531  ,2.60046e+01
1556  ,7.43385  ,24.1754  ,31.5886  ,2.60045e+01
3239  ,6.43835  ,23.8388  ,36.6899  ,2.60045e+01
5635  ,-2.3911  ,19.8572  ,38.3531  ,2.60044e+01
5667  ,-2.3911  ,19.8572  ,29.511  ,2.60043e+01
5865  ,2.51288  ,20.8085  ,43.1953  ,2.60043e+01
757  ,21.7589  ,19.8572  ,23.9847  ,2.60042e+01
6825  ,22.1089  ,20.8572  ,40.1952  ,2.60042e+01
5148  ,16.999  ,23.4547  ,30.4284  ,2.60041e+01
4271  ,3.35595  ,21.631  ,41.4669  ,2.60040e+01
766  ,21.7589  ,19.8572  ,43.8794  ,2.60040e+01
5984  ,5.35616  ,20.8895  ,45.3315  ,2.60040e+01
5147  ,16.7726  ,23.741  ,31.4606  ,2.60039e+01
919  ,0.758901  ,19.8572  ,23.9847  ,2.60038e+01
4650  ,2.80402  ,22.7808  ,33.1807  ,2.60038e+01
928  ,0.758901  ,19.8572  ,43.8794  ,2.60038e+01
2416  ,9.03468  ,24.0928  ,29.5677  ,2.60036e+01
3951  ,8.68446  ,23.3262  ,40.6286  ,2.60036e+01
4096  ,13.271  ,22.866  ,42.2962  ,2.60033e+01
5750  ,0.375264  ,20.6573  ,40.9013  ,2.60033e+01
3235  ,6.66515  ,24.0427  ,35.8202  ,2.60031e+01
4099  ,14.4741  ,22.9536  ,41.6809  ,2.60031e+01
5640  ,-0.674737  ,20.6573  ,38.6907  ,2.60030e+01
2465  ,6.33365  ,21.9539  ,43.1901  ,2.60030e+01
1142  ,4.6089  ,21.7513  ,42.5899  ,2.60030e+01
7554  ,11.2589  ,19.8572  ,18.4584  ,2.60029e+01
6057  ,5.62843  ,20.808  ,22.1515  ,2.60029e+01
9779  ,11.9589  ,24.8572  ,35.4057  ,2.60028e+01
7425  ,11.2589  ,19.8572  ,49.4057  ,2.60028e+01
1092  ,14.7665  ,23.9861  ,37.9994  ,2.60027e+01
6729  ,23.5089  ,20.6718  ,29.8794  ,2.60027e+01
5123  ,19.9855  ,22.6478  ,33.0341  ,2.60027e+01
2682  ,1.4589  ,21.5658  ,28.7741  ,2.60026e+01
7006  ,20.7089  ,19.8572  ,22.8794  ,2.60024e+01
3196  ,0.420913  ,21.5235  ,36.5329  ,2.60023e+01
9777  ,11.237  ,24.95  ,34.3926  ,2.60022e+01
9785  ,11.237  ,24.95  ,33.2873  ,2.60022e+01
3913  ,17.2244  ,21.7397  ,43.1474  ,2.60022e+01
2288  ,6.89947  ,22.7994  ,41.5516  ,2.60021e+01
6715  ,24.1015  ,20.715  ,34.7412  ,2.60020e+01
5861  ,1.8089  ,19.8572  ,44.9847  ,2.60020e+01
6722  ,24.1015  ,20.715  ,33.6359  ,2.60020e+01
5748  ,1.46288  ,20.8085  ,42.09  ,2.60020e+01
6936  ,20.7089  ,19.8572  ,44.9847  ,2.60020e+01
5931  ,1.8089  ,19.8572  ,22.8794  ,2.60019e+01
5175  ,8.83767  ,21.8113  ,23.183  ,2.60017e+01
2289  ,6.23562  ,22.63  ,41.5396  ,2.60016e+01
3636  ,21.0576  ,21.8813  ,30.256  ,2.60012e+01
1202  ,14.7589  ,23.8572  ,29.1426  ,2.60011e+01
9778  ,10.6043  ,24.9037  ,35.4051  ,2.60011e+01
2283  ,7.74623  ,23.5126  ,40.0612  ,2.60010e+01
2634  ,6.64196  ,23.3507  ,39.7355  ,2.60010e+01
2701  ,0.914403  ,21.8951  ,32.7205  ,2.60009e+01
3442  ,7.11065  ,22.8392  ,26.2323  ,2.60008e+01
3788  ,11.2589  ,22.8572  ,25.0899  ,2.60007e+01
3901  ,14.7526  ,22.9671  ,26.1381  ,2.60007e+01
738  ,19.6589  ,19.8572  ,21.7741  ,2.60006e+01
5124  ,17.7219  ,23.5766  ,33.1384  ,2.60005e+01
2234  ,6.05397  ,22.9776  ,27.2543  ,2.60005e+01
749  ,19.6589  ,19.8572  ,46.0899  ,2.60004e+01
900  ,2.8589  ,19.8572  ,21.7741  ,2.60004e+01
6058  ,4.54718  ,20.6113  ,22.2759  ,2.60003e+01
911  ,2.8589  ,19.8572  ,46.0899  ,2.60003e+01
5796  ,0.222963  ,20.6519  ,27.0126  ,2.60003e+01
3869  ,11.6089  ,23.8572  ,28.0373  ,2.60003e+01
2395  ,14.5325  ,21.4722  ,45.2451  ,2.60002e+01
7552  ,12.3089  ,19.8572  ,18.4584  ,2.60002e+01
7423  ,12.3089  ,19.8572  ,49.4057  ,2.60002e+01
7541  ,10.2089  ,19.8572  ,18.4584  ,2.60002e+01
7412  ,10.2089  ,19.8572  ,49.4057  ,2.60001e+01
4025  ,19.3089  ,21.8572  ,40.932  ,2.60001e+01
5660  ,-0.827037  ,20.6519  ,29.2232  ,2.60000e+01
5863  ,3.38641  ,20.7311  ,44.4192  ,2.60000e+01
6703  ,23.1407  ,20.6982  ,39.1044  ,2.60000e+01
4030  ,18.5832  ,22.8736  ,38.3782  ,2.59999e+01
7430  ,11.2517  ,20.8846  ,47.2141  ,2.59998e+01
3852  ,15.1725  ,24.2178  ,31.3379  ,2.59997e+01
2693  ,0.933902  ,21.7513  ,30.8005  ,2.59996e+01
4093  ,16.7677  ,22.72  ,41.1  ,2.59994e+01
3894  ,12.6589  ,23.8572  ,28.0373  ,2.59993e+01
4406  ,16.4131  ,24.0344  ,32.4811  ,2.59992e+01
9795  ,11.6836  ,24.7864  ,30.967  ,2.59992e+01
4578  ,16.0887  ,24.0491  ,35.9218  ,2.59992e+01
2627  ,4.94312  ,22.5777  ,40.7402  ,2.59991e+01
9649  ,12.7336  ,24.7864  ,32.0723  ,2.59991e+01
4776  ,18.9909  ,22.7534  ,29.5996  ,2.59990e+01
4051  ,10.1074  ,21.5893  ,45.5552  ,2.59988e+01
1497  ,9.8589  ,24.2281  ,29.1426  ,2.59988e+01
4136  ,22.117  ,21.6602  ,32.3863  ,2.59987e+01
3782  ,10.1822  ,22.887  ,25.1056  ,2.59985e+01
1437  ,8.45988  ,21.8799  ,44.6358  ,2.59985e+01
6189  ,7.83945  ,20.974  ,21.3312  ,2.59982e+01
6881  ,22.8089  ,19.8572  ,25.0899  ,2.59979e+01
3885  ,12.3526  ,23.0559  ,25.4123  ,2.59979e+01
5125  ,18.8358  ,23.0741  ,30.7347  ,2.59977e+01
9771  ,11.9589  ,24.8572  ,36.511  ,2.59977e+01
5117  ,19.9761  ,22.6834  ,32.009  ,2.59977e+01
3449  ,4.9745  ,21.8587  ,25.1112  ,2.59976e+01
6822  ,22.8089  ,19.8572  ,42.7741  ,2.59976e+01
5745  ,-0.2911  ,19.8572  ,42.7741  ,2.59976e+01
3916  ,16.1744  ,21.6602  ,44.2527  ,2.59976e+01
7295  ,13.3589  ,19.8572  ,49.4057  ,2.59975e+01
6321  ,9.1589  ,19.8572  ,18.4584  ,2.59975e+01
7393  ,13.3589  ,19.8572  ,18.4584  ,2.59975e+01
6233  ,9.1589  ,19.8572  ,49.4057  ,2.59975e+01
3448  ,6.35953  ,21.8079  ,24.0049  ,2.59974e+01
2268  ,4.64414  ,22.9249  ,28.4295  ,2.59974e+01
5801  ,-0.2911  ,19.8572  ,25.0899  ,2.59973e+01
9642  ,13.0089  ,24.8572  ,35.4057  ,2.59972e+01
3437  ,3.61385  ,21.8161  ,26.2106  ,2.59971e+01
4675  ,6.54637  ,24.2018  ,32.5761  ,2.59970e+01
1408  ,22.5884  ,21.3988  ,36.6493  ,2.59970e+01
797  ,25.9589  ,19.8572  ,32.8268  ,2.59969e+01
6104  ,6.58692  ,20.7469  ,46.5841  ,2.59969e+01
6607  ,25.9589  ,19.8572  ,33.932  ,2.59968e+01
798  ,25.9589  ,19.8572  ,35.0373  ,2.59968e+01
9647  ,12.287  ,24.95  ,33.2873  ,2.59967e+01
9640  ,12.287  ,24.95  ,34.3926  ,2.59966e+01
4547  ,18.5407  ,23.2458  ,36.6106  ,2.59966e+01
9786  ,10.6183  ,24.9837  ,32.1588  ,2.59966e+01
960  ,-3.4411  ,19.8572  ,35.0373  ,2.59966e+01
959  ,-3.4411  ,19.8572  ,32.8268  ,2.59966e+01
8562  ,10.187  ,24.95  ,34.3926  ,2.59966e+01
5530  ,-3.4411  ,19.8572  ,33.932  ,2.59966e+01
8569  ,10.187  ,24.95  ,33.2873  ,2.59965e+01
3199  ,0.404161  ,21.7014  ,35.0788  ,2.59965e+01
2879  ,19.8536  ,22.9302  ,33.6988  ,2.59964e+01
9768  ,10.3141  ,24.7414  ,37.3758  ,2.59963e+01
3928  ,15.7609  ,22.8166  ,26.139  ,2.59963e+01
4009  ,21.0494  ,21.9125  ,37.8991  ,2.59963e+01
3947  ,11.7181  ,23.6016  ,41.0632  ,2.59961e+01
6933  ,20.0089  ,20.8572  ,43.511  ,2.59960e+01
9767  ,10.6043  ,24.9037  ,36.5104  ,2.59960e+01
4652  ,2.49173  ,22.8535  ,33.9341  ,2.59959e+01
1210  ,23.0634  ,21.3392  ,33.6719  ,2.59959e+01
4549  ,16.9766  ,23.9487  ,34.9008  ,2.59959e+01
4607  ,15.809  ,23.8793  ,38.0313  ,2.59959e+01
4097  ,14.3383  ,22.6548  ,42.9952  ,2.59958e+01
9650  ,13.6936  ,24.8499  ,33.1789  ,2.59958e+01
9641  ,13.6936  ,24.8499  ,34.2841  ,2.59958e+01
4036  ,20.2119  ,21.8682  ,39.9443  ,2.59957e+01
7261  ,16.5089  ,19.8572  ,19.5636  ,2.59957e+01
7172  ,16.5089  ,19.8572  ,48.3005  ,2.59955e+01
6198  ,6.0089  ,19.8572  ,19.5636  ,2.59955e+01
8564  ,9.55431  ,24.9037  ,35.4051  ,2.59955e+01
6101  ,6.0089  ,19.8572  ,48.3005  ,2.59955e+01
2717  ,11.3633  ,23.0053  ,42.7182  ,2.59954e+01
8561  ,8.8089  ,24.8572  ,34.3005  ,2.59953e+01
4601  ,14.3969  ,23.9253  ,39.1233  ,2.59953e+01
7416  ,11.9589  ,20.8043  ,47.5636  ,2.59953e+01
8568  ,8.8089  ,24.8572  ,33.1952  ,2.59953e+01
5135  ,19.6163  ,22.8646  ,31.0981  ,2.59951e+01
2698  ,2.50141  ,22.782  ,31.8202  ,2.59951e+01
7539  ,10.9116  ,20.6486  ,19.9349  ,2.59951e+01
3600  ,5.27828  ,21.6111  ,24.1293  ,2.59949e+01
7417  ,10.5504  ,20.7946  ,47.5988  ,2.59948e+01
1567  ,1.4589  ,21.4863  ,27.6689  ,2.59942e+01
5154  ,9.08732  ,22.885  ,25.1342  ,2.59941e+01
2705  ,8.56286  ,22.5058  ,43.4014  ,2.59941e+01
6742  ,24.9089  ,19.8572  ,28.4057  ,2.59940e+01
6705  ,24.9089  ,19.8572  ,39.4584  ,2.59939e+01
4037  ,21.2437  ,21.7092  ,38.8535  ,2.59938e+01
2636  ,5.10569  ,23.0389  ,39.9443  ,2.59938e+01
1509  ,15.2706  ,21.4645  ,22.5042  ,2.59937e+01
4131  ,22.1076  ,21.6958  ,31.3612  ,2.59937e+01
3940  ,9.5491  ,23.731  ,40.5201  ,2.59937e+01
6821  ,21.0589  ,20.8572  ,42.4057  ,2.59937e+01
5634  ,-2.3911  ,19.8572  ,39.4584  ,2.59937e+01
9655  ,12.7336  ,24.7864  ,30.967  ,2.59936e+01
5671  ,-2.3911  ,19.8572  ,28.4057  ,2.59936e+01
5982  ,4.43641  ,20.7311  ,45.5245  ,2.59936e+01
5651  ,-1.99864  ,20.6114  ,32.4212  ,2.59936e+01
1249  ,21.0589  ,21.8572  ,29.1426  ,2.59934e+01
7289  ,14.0595  ,20.6742  ,47.565  ,2.59931e+01
3975  ,13.6147  ,21.6609  ,22.5076  ,2.59930e+01
2418  ,10.2089  ,24.0427  ,28.0373  ,2.59930e+01
6724  ,23.7568  ,21.0811  ,32.8791  ,2.59927e+01
3818  ,19.9255  ,22.9149  ,34.9452  ,2.59927e+01
3867  ,15.7449  ,23.8308  ,29.2061  ,2.59926e+01
7288  ,13.0089  ,20.8043  ,47.5636  ,2.59926e+01
3865  ,15.5185  ,24.1171  ,30.2383  ,2.59925e+01
1716  ,18.2589  ,21.6453  ,43.1426  ,2.59924e+01
6311  ,9.86164  ,20.6486  ,19.9349  ,2.59924e+01
4781  ,18.154  ,22.9704  ,28.6691  ,2.59924e+01
2689  ,2.57582  ,22.6276  ,30.3681  ,2.59924e+01
1182  ,11.9589  ,21.8572  ,22.511  ,2.59924e+01
2666  ,7.55146  ,22.6574  ,42.9218  ,2.59922e+01
5633  ,-0.674737  ,20.6573  ,39.796  ,2.59922e+01
6228  ,9.5004  ,20.7946  ,47.5988  ,2.59922e+01
6935  ,18.9589  ,20.8572  ,44.6163  ,2.59921e+01
6737  ,23.5089  ,20.6718  ,28.7741  ,2.59921e+01
1812  ,8.00532  ,23.8895  ,28.4883  ,2.59919e+01
4561  ,12.3693  ,24.0321  ,39.835  ,2.59919e+01
7537  ,12.3526  ,20.7248  ,20.0702  ,2.59919e+01
4657  ,5.89339  ,24.0302  ,31.7499  ,2.59917e+01
776  ,23.8589  ,19.8572  ,26.1952  ,2.59917e+01
4230  ,0.744897  ,21.6965  ,37.6546  ,2.59915e+01
783  ,23.8589  ,19.8572  ,41.6689  ,2.59915e+01
7138  ,18.6089  ,19.8572  ,20.6689  ,2.59915e+01
5171  ,10.9089  ,21.8572  ,22.511  ,2.59914e+01
6614  ,25.9589  ,19.8572  ,31.7215  ,2.59914e+01
8556  ,9.26409  ,24.7414  ,37.3758  ,2.59914e+01
6600  ,25.9589  ,19.8572  ,36.1426  ,2.59914e+01
938  ,-1.3411  ,19.8572  ,26.1952  ,2.59913e+01
945  ,-1.3411  ,19.8572  ,41.6689  ,2.59913e+01
2630  ,3.94391  ,22.8694  ,39.0965  ,2.59913e+01
5979  ,3.9089  ,19.8572  ,47.1952  ,2.59912e+01
3925  ,17.1147  ,23.0141  ,27.4497  ,2.59912e+01
6997  ,18.9619  ,20.8835  ,23.2614  ,2.59912e+01
3237  ,6.59389  ,23.8229  ,38.597  ,2.59912e+01
9794  ,10.6183  ,24.9837  ,31.0535  ,2.59912e+01
5536  ,-3.4411  ,19.8572  ,31.7215  ,2.59912e+01
5523  ,-3.4411  ,19.8572  ,36.1426  ,2.59912e+01
9770  ,11.7842  ,24.8301  ,37.7499  ,2.59912e+01
3195  ,2.5089  ,22.6718  ,37.2478  ,2.59911e+01
7052  ,18.6089  ,19.8572  ,47.1952  ,2.59911e+01
4008  ,19.2558  ,23.1491  ,35.7802  ,2.59911e+01
6062  ,3.9089  ,19.8572  ,20.6689  ,2.59911e+01
8555  ,9.55431  ,24.9037  ,36.5104  ,2.59910e+01
8571  ,9.5683  ,24.9837  ,32.1588  ,2.59910e+01
8563  ,8.4589  ,24.8572  ,35.4057  ,2.59909e+01
4091  ,15.7234  ,22.9495  ,41.6649  ,2.59909e+01
3888  ,13.7527  ,23.0559  ,25.4123  ,2.59909e+01
5163  ,7.0572  ,21.7621  ,23.192  ,2.59908e+01
4595  ,17.5283  ,22.8608  ,40.5841  ,2.59907e+01
1015  ,9.8589  ,21.8572  ,22.511  ,2.59905e+01
9643  ,14.0655  ,24.8749  ,35.3537  ,2.59905e+01
4404  ,17.6917  ,23.8521  ,34.0704  ,2.59904e+01
9634  ,13.0089  ,24.8572  ,36.511  ,2.59901e+01
4602  ,16.0859  ,24.0959  ,37.0864  ,2.59900e+01
5150  ,18.0543  ,23.3967  ,30.4228  ,2.59899e+01
1520  ,8.66584  ,23.1317  ,42.167  ,2.59898e+01
7391  ,14.4089  ,19.8572  ,18.4584  ,2.59896e+01
6314  ,8.1089  ,19.8572  ,18.4584  ,2.59896e+01
9524  ,14.7436  ,24.8499  ,33.1789  ,2.59895e+01
9515  ,14.7436  ,24.8499  ,34.2841  ,2.59895e+01
6225  ,8.1089  ,19.8572  ,49.4057  ,2.59894e+01
7293  ,14.4089  ,19.8572  ,49.4057  ,2.59894e+01
1083  ,5.6589  ,24.2281  ,33.5636  ,2.59894e+01
3879  ,15.3597  ,22.3346  ,24.4076  ,2.59893e+01
5670  ,-0.827037  ,20.6519  ,28.1179  ,2.59893e+01
7383  ,13.4026  ,20.7248  ,20.0702  ,2.59892e+01
2255  ,5.1573  ,23.0793  ,27.6903  ,2.59892e+01
8449  ,7.7589  ,24.8572  ,33.1952  ,2.59891e+01
2260  ,6.89946  ,24.0177  ,29.586  ,2.59891e+01
6187  ,6.5339  ,20.8572  ,21.2215  ,2.59890e+01
1094  ,16.8514  ,23.7724  ,38.0632  ,2.59890e+01
6871  ,22.4589  ,20.6718  ,26.5636  ,2.59889e+01
8442  ,7.7589  ,24.8572  ,34.3005  ,2.59889e+01
5152  ,17.8992  ,23.7174  ,31.5579  ,2.59886e+01
9769  ,10.9925  ,24.825  ,38.071  ,2.59886e+01
7126  ,16.7597  ,21.3346  ,22.5655  ,2.59885e+01
2731  ,0.384662  ,21.9247  ,33.6831  ,2.59884e+01
6999  ,20.3589  ,20.8572  ,24.3531  ,2.59884e+01
6818  ,22.1089  ,20.8572  ,41.3005  ,2.59884e+01
5661  ,-1.99864  ,20.6114  ,31.316  ,2.59882e+01
1440  ,0.408901  ,21.8572  ,31.7215  ,2.59882e+01
4783  ,19.1913  ,22.5736  ,28.2063  ,2.59882e+01
6713  ,24.2089  ,20.8572  ,35.7742  ,2.59880e+01
4034  ,18.6089  ,22.8572  ,39.4584  ,2.59879e+01
3900  ,13.7026  ,23.9671  ,27.9803  ,2.59879e+01
8554  ,8.2321  ,24.6534  ,37.3807  ,2.59879e+01
9648  ,13.7128  ,24.9579  ,32.0842  ,2.59878e+01
1189  ,14.0273  ,23.8645  ,40.2473  ,2.59878e+01
7252  ,15.8355  ,20.8563  ,21.0906  ,2.59876e+01
3948  ,8.39705  ,24.0204  ,39.7109  ,2.59876e+01
3952  ,7.29278  ,23.8585  ,39.3852  ,2.59875e+01
2715  ,10.4646  ,22.7907  ,43.6935  ,2.59874e+01
5925  ,2.1588  ,20.8674  ,24.3448  ,2.59874e+01
4137  ,23.1111  ,21.4128  ,32.5125  ,2.59872e+01
2262  ,6.51116  ,24.1267  ,30.3839  ,2.59871e+01
1722  ,10.5589  ,23.8572  ,26.932  ,2.59871e+01
2419  ,8.82954  ,24.0248  ,28.0632  ,2.59871e+01
4259  ,5.18116  ,21.8365  ,43.5815  ,2.59870e+01
9796  ,11.9589  ,24.8572  ,29.8794  ,2.59868e+01
4678  ,5.61515  ,24.2281  ,34.7149  ,2.59868e+01
2827  ,22.5055  ,21.469  ,37.6998  ,2.59868e+01
